0 verbose cli /usr/bin/node /usr/bin/npm
1 info using npm@10.8.2
2 info using node@v20.20.2
3 silly config load:file:/usr/lib/node_modules/npm/npmrc
4 silly config load:file:/home/user/.npmrc
5 silly config load:file:/usr/etc/npmrc
6 verbose title npm install
7 verbose argv "install"
8 verbose logfile logs-max:10 dir:/home/user/.npm/_logs/2026-08-18T13_06_49_546Z-
9 verbose logfile /home/user/.npm/_logs/2026-08-18T13_06_49_546Z-debug-0.log
10 silly packumentCache heap:998768640 maxSize:249692160 maxEntrySize:124846080
11 silly logfile done cleaning log files
12 silly idealTree buildDeps
13 silly fetch manifest @whiskeysockets/baileys@^6.7.18
14 silly packumentCache full:https://registry.npmjs.org/@whiskeysockets%2fbaileys cache-miss
15 http fetch GET 200 https://registry.npmjs.org/npm 167ms
16 http fetch GET 200 https://registry.npmjs.org/@whiskeysockets%2fbaileys 148ms (cache miss)
17 silly packumentCache full:https://registry.npmjs.org/@whiskeysockets%2fbaileys set size:undefined disposed:false
18 silly fetch manifest audio-decode@^2.1.3
19 silly packumentCache full:https://registry.npmjs.org/audio-decode cache-miss
20 http fetch GET 200 https://registry.npmjs.org/audio-decode 34ms (cache miss)
21 silly packumentCache full:https://registry.npmjs.org/audio-decode set size:undefined disposed:false
22 silly fetch manifest jimp@^1.6.0
23 silly packumentCache full:https://registry.npmjs.org/jimp cache-miss
24 http fetch GET 200 https://registry.npmjs.org/jimp 51ms (cache miss)
25 silly packumentCache full:https://registry.npmjs.org/jimp set size:undefined disposed:false
26 silly fetch manifest link-preview-js@^3.0.0
27 silly packumentCache full:https://registry.npmjs.org/link-preview-js cache-miss
28 http fetch GET 200 https://registry.npmjs.org/link-preview-js 39ms (cache miss)
29 silly packumentCache full:https://registry.npmjs.org/link-preview-js set size:undefined disposed:false
30 silly fetch manifest sharp@*
31 silly packumentCache full:https://registry.npmjs.org/sharp cache-miss
32 http fetch GET 200 https://registry.npmjs.org/sharp 44ms (cache miss)
33 silly packumentCache full:https://registry.npmjs.org/sharp set size:undefined disposed:false
34 silly fetch manifest @hapi/boom@^10.0.1
35 silly packumentCache full:https://registry.npmjs.org/@hapi%2fboom cache-miss
36 http fetch GET 200 https://registry.npmjs.org/@hapi%2fboom 53ms (cache miss)
37 silly packumentCache full:https://registry.npmjs.org/@hapi%2fboom set size:undefined disposed:false
38 silly fetch manifest express@^4.21.2
39 silly packumentCache full:https://registry.npmjs.org/express cache-miss
40 http fetch GET 200 https://registry.npmjs.org/express 46ms (cache miss)
41 silly packumentCache full:https://registry.npmjs.org/express set size:undefined disposed:false
42 silly fetch manifest pino@^9.6.0
43 silly packumentCache full:https://registry.npmjs.org/pino cache-miss
44 http fetch GET 200 https://registry.npmjs.org/pino 82ms (cache miss)
45 silly packumentCache full:https://registry.npmjs.org/pino set size:undefined disposed:false
46 silly fetch manifest qrcode@^1.5.4
47 silly packumentCache full:https://registry.npmjs.org/qrcode cache-miss
48 http fetch GET 200 https://registry.npmjs.org/qrcode 28ms (cache miss)
49 silly packumentCache full:https://registry.npmjs.org/qrcode set size:undefined disposed:false
50 silly placeDep ROOT @hapi/boom@10.0.1 OK for: whatsapp-bot@1.0.0 want: ^10.0.1
51 silly placeDep ROOT @whiskeysockets/baileys@6.7.24 OK for: whatsapp-bot@1.0.0 want: ^6.7.18
52 silly placeDep ROOT sharp@0.35.3 OK for: @whiskeysockets/baileys@6.7.24 want: *
53 silly placeDep ROOT express@4.22.2 OK for: whatsapp-bot@1.0.0 want: ^4.21.2
54 silly placeDep ROOT pino@9.14.0 OK for: whatsapp-bot@1.0.0 want: ^9.6.0
55 silly placeDep ROOT qrcode@1.5.4 OK for: whatsapp-bot@1.0.0 want: ^1.5.4
56 silly fetch manifest @hapi/hoek@^11.0.2
57 silly packumentCache full:https://registry.npmjs.org/@hapi%2fhoek cache-miss
58 http fetch GET 200 https://registry.npmjs.org/@hapi%2fhoek 52ms (cache miss)
59 silly packumentCache full:https://registry.npmjs.org/@hapi%2fhoek set size:undefined disposed:false
60 silly fetch manifest ws@^8.13.0
61 silly packumentCache full:https://registry.npmjs.org/ws cache-miss
62 http fetch GET 200 https://registry.npmjs.org/ws 39ms (cache miss)
63 silly packumentCache full:https://registry.npmjs.org/ws set size:undefined disposed:false
64 silly fetch manifest pino@^9.6
65 silly packumentCache full:https://registry.npmjs.org/pino cache-miss
66 http fetch GET 200 https://registry.npmjs.org/pino 9ms (cache hit)
67 silly packumentCache full:https://registry.npmjs.org/pino set size:1274398 disposed:false
68 silly fetch manifest axios@^1.6.0
69 silly packumentCache full:https://registry.npmjs.org/axios cache-miss
70 http fetch GET 200 https://registry.npmjs.org/axios 50ms (cache miss)
71 silly packumentCache full:https://registry.npmjs.org/axios set size:undefined disposed:false
72 silly fetch manifest libsignal@git+https://github.com/whiskeysockets/libsignal-node.git
73 silly fetch manifest @hapi/boom@^9.1.3
74 silly packumentCache full:https://registry.npmjs.org/@hapi%2fboom cache-miss
75 http fetch GET 200 https://registry.npmjs.org/@hapi%2fboom 5ms (cache hit)
76 silly packumentCache full:https://registry.npmjs.org/@hapi%2fboom set size:56775 disposed:false
77 silly fetch manifest protobufjs@^7.2.4
78 silly packumentCache full:https://registry.npmjs.org/protobufjs cache-miss
79 http fetch GET 200 https://registry.npmjs.org/protobufjs 48ms (cache miss)
80 silly packumentCache full:https://registry.npmjs.org/protobufjs set size:undefined disposed:false
81 silly fetch manifest async-mutex@^0.5.0
82 silly packumentCache full:https://registry.npmjs.org/async-mutex cache-miss
83 http fetch GET 200 https://registry.npmjs.org/async-mutex 37ms (cache miss)
84 silly packumentCache full:https://registry.npmjs.org/async-mutex set size:undefined disposed:false
85 silly fetch manifest music-metadata@^11.7.0
86 silly packumentCache full:https://registry.npmjs.org/music-metadata cache-miss
87 http fetch GET 200 https://registry.npmjs.org/music-metadata 50ms (cache miss)
88 silly packumentCache full:https://registry.npmjs.org/music-metadata set size:undefined disposed:false
89 silly fetch manifest @cacheable/node-cache@^1.4.0
90 silly packumentCache full:https://registry.npmjs.org/@cacheable%2fnode-cache cache-miss
91 http fetch GET 200 https://registry.npmjs.org/@cacheable%2fnode-cache 61ms (cache miss)
92 silly packumentCache full:https://registry.npmjs.org/@cacheable%2fnode-cache set size:undefined disposed:false
93 silly fetch manifest @img/colour@^1.1.0
94 silly packumentCache full:https://registry.npmjs.org/@img%2fcolour cache-miss
95 http fetch GET 200 https://registry.npmjs.org/@img%2fcolour 36ms (cache miss)
96 silly packumentCache full:https://registry.npmjs.org/@img%2fcolour set size:undefined disposed:false
97 silly fetch manifest detect-libc@^2.1.2
98 silly packumentCache full:https://registry.npmjs.org/detect-libc cache-miss
99 http fetch GET 200 https://registry.npmjs.org/detect-libc 30ms (cache miss)
100 silly packumentCache full:https://registry.npmjs.org/detect-libc set size:undefined disposed:false
101 silly fetch manifest semver@^7.8.5
102 silly packumentCache full:https://registry.npmjs.org/semver cache-miss
103 http fetch GET 200 https://registry.npmjs.org/semver 29ms (cache miss)
104 silly packumentCache full:https://registry.npmjs.org/semver set size:undefined disposed:false
105 silly fetch manifest @img/sharp-darwin-arm64@0.35.3
106 silly packumentCache full:https://registry.npmjs.org/@img%2fsharp-darwin-arm64 cache-miss
107 http fetch GET 200 https://registry.npmjs.org/@img%2fsharp-darwin-arm64 59ms (cache miss)
108 silly packumentCache full:https://registry.npmjs.org/@img%2fsharp-darwin-arm64 set size:undefined disposed:false
109 silly fetch manifest @img/sharp-darwin-x64@0.35.3
110 silly packumentCache full:https://registry.npmjs.org/@img%2fsharp-darwin-x64 cache-miss
111 http fetch GET 200 https://registry.npmjs.org/@img%2fsharp-darwin-x64 40ms (cache miss)
112 silly packumentCache full:https://registry.npmjs.org/@img%2fsharp-darwin-x64 set size:undefined disposed:false
113 silly fetch manifest @img/sharp-freebsd-wasm32@0.35.3
114 silly packumentCache full:https://registry.npmjs.org/@img%2fsharp-freebsd-wasm32 cache-miss
115 http fetch GET 200 https://registry.npmjs.org/@img%2fsharp-freebsd-wasm32 55ms (cache miss)
116 silly packumentCache full:https://registry.npmjs.org/@img%2fsharp-freebsd-wasm32 set size:undefined disposed:false
117 silly fetch manifest @img/sharp-libvips-darwin-arm64@1.3.2
118 silly packumentCache full:https://registry.npmjs.org/@img%2fsharp-libvips-darwin-arm64 cache-miss
119 http fetch GET 200 https://registry.npmjs.org/@img%2fsharp-libvips-darwin-arm64 34ms (cache miss)
120 silly packumentCache full:https://registry.npmjs.org/@img%2fsharp-libvips-darwin-arm64 set size:undefined disposed:false
121 silly fetch manifest @img/sharp-libvips-darwin-x64@1.3.2
122 silly packumentCache full:https://registry.npmjs.org/@img%2fsharp-libvips-darwin-x64 cache-miss
123 http fetch GET 200 https://registry.npmjs.org/@img%2fsharp-libvips-darwin-x64 57ms (cache miss)
124 silly packumentCache full:https://registry.npmjs.org/@img%2fsharp-libvips-darwin-x64 set size:undefined disposed:false
125 silly fetch manifest @img/sharp-libvips-linux-arm@1.3.2
126 silly packumentCache full:https://registry.npmjs.org/@img%2fsharp-libvips-linux-arm cache-miss
127 http fetch GET 200 https://registry.npmjs.org/@img%2fsharp-libvips-linux-arm 35ms (cache miss)
128 silly packumentCache full:https://registry.npmjs.org/@img%2fsharp-libvips-linux-arm set size:undefined disposed:false
129 silly fetch manifest @img/sharp-libvips-linux-arm64@1.3.2
130 silly packumentCache full:https://registry.npmjs.org/@img%2fsharp-libvips-linux-arm64 cache-miss
131 http fetch GET 200 https://registry.npmjs.org/@img%2fsharp-libvips-linux-arm64 80ms (cache miss)
132 silly packumentCache full:https://registry.npmjs.org/@img%2fsharp-libvips-linux-arm64 set size:undefined disposed:false
133 silly fetch manifest @img/sharp-libvips-linux-ppc64@1.3.2
134 silly packumentCache full:https://registry.npmjs.org/@img%2fsharp-libvips-linux-ppc64 cache-miss
135 http fetch GET 200 https://registry.npmjs.org/@img%2fsharp-libvips-linux-ppc64 39ms (cache miss)
136 silly packumentCache full:https://registry.npmjs.org/@img%2fsharp-libvips-linux-ppc64 set size:undefined disposed:false
137 silly fetch manifest @img/sharp-libvips-linux-riscv64@1.3.2
138 silly packumentCache full:https://registry.npmjs.org/@img%2fsharp-libvips-linux-riscv64 cache-miss
139 http fetch GET 200 https://registry.npmjs.org/@img%2fsharp-libvips-linux-riscv64 52ms (cache miss)
140 silly packumentCache full:https://registry.npmjs.org/@img%2fsharp-libvips-linux-riscv64 set size:undefined disposed:false
141 silly fetch manifest @img/sharp-libvips-linux-s390x@1.3.2
142 silly packumentCache full:https://registry.npmjs.org/@img%2fsharp-libvips-linux-s390x cache-miss
143 http fetch GET 200 https://registry.npmjs.org/@img%2fsharp-libvips-linux-s390x 35ms (cache miss)
144 silly packumentCache full:https://registry.npmjs.org/@img%2fsharp-libvips-linux-s390x set size:undefined disposed:false
145 silly fetch manifest @img/sharp-libvips-linux-x64@1.3.2
146 silly packumentCache full:https://registry.npmjs.org/@img%2fsharp-libvips-linux-x64 cache-miss
147 http fetch GET 200 https://registry.npmjs.org/@img%2fsharp-libvips-linux-x64 52ms (cache miss)
148 silly packumentCache full:https://registry.npmjs.org/@img%2fsharp-libvips-linux-x64 set size:undefined disposed:false
149 silly fetch manifest @img/sharp-libvips-linuxmusl-arm64@1.3.2
150 silly packumentCache full:https://registry.npmjs.org/@img%2fsharp-libvips-linuxmusl-arm64 cache-miss
151 http fetch GET 200 https://registry.npmjs.org/@img%2fsharp-libvips-linuxmusl-arm64 33ms (cache miss)
152 silly packumentCache full:https://registry.npmjs.org/@img%2fsharp-libvips-linuxmusl-arm64 set size:undefined disposed:false
153 silly fetch manifest @img/sharp-libvips-linuxmusl-x64@1.3.2
154 silly packumentCache full:https://registry.npmjs.org/@img%2fsharp-libvips-linuxmusl-x64 cache-miss
155 http fetch GET 200 https://registry.npmjs.org/@img%2fsharp-libvips-linuxmusl-x64 55ms (cache miss)
156 silly packumentCache full:https://registry.npmjs.org/@img%2fsharp-libvips-linuxmusl-x64 set size:undefined disposed:false
157 silly fetch manifest @img/sharp-linux-arm@0.35.3
158 silly packumentCache full:https://registry.npmjs.org/@img%2fsharp-linux-arm cache-miss
159 http fetch GET 200 https://registry.npmjs.org/@img%2fsharp-linux-arm 38ms (cache miss)
160 silly packumentCache full:https://registry.npmjs.org/@img%2fsharp-linux-arm set size:undefined disposed:false
161 silly fetch manifest @img/sharp-linux-arm64@0.35.3
162 silly packumentCache full:https://registry.npmjs.org/@img%2fsharp-linux-arm64 cache-miss
163 http fetch GET 200 https://registry.npmjs.org/@img%2fsharp-linux-arm64 47ms (cache miss)
164 silly packumentCache full:https://registry.npmjs.org/@img%2fsharp-linux-arm64 set size:undefined disposed:false
165 silly fetch manifest @img/sharp-linux-ppc64@0.35.3
166 silly packumentCache full:https://registry.npmjs.org/@img%2fsharp-linux-ppc64 cache-miss
167 http fetch GET 200 https://registry.npmjs.org/@img%2fsharp-linux-ppc64 38ms (cache miss)
168 silly packumentCache full:https://registry.npmjs.org/@img%2fsharp-linux-ppc64 set size:undefined disposed:false
169 silly fetch manifest @img/sharp-linux-riscv64@0.35.3
170 silly packumentCache full:https://registry.npmjs.org/@img%2fsharp-linux-riscv64 cache-miss
171 http fetch GET 200 https://registry.npmjs.org/@img%2fsharp-linux-riscv64 49ms (cache miss)
172 silly packumentCache full:https://registry.npmjs.org/@img%2fsharp-linux-riscv64 set size:undefined disposed:false
173 silly fetch manifest @img/sharp-linux-s390x@0.35.3
174 silly packumentCache full:https://registry.npmjs.org/@img%2fsharp-linux-s390x cache-miss
175 http fetch GET 200 https://registry.npmjs.org/@img%2fsharp-linux-s390x 37ms (cache miss)
176 silly packumentCache full:https://registry.npmjs.org/@img%2fsharp-linux-s390x set size:undefined disposed:false
177 silly fetch manifest @img/sharp-linux-x64@0.35.3
178 silly packumentCache full:https://registry.npmjs.org/@img%2fsharp-linux-x64 cache-miss
179 http fetch GET 200 https://registry.npmjs.org/@img%2fsharp-linux-x64 41ms (cache miss)
180 silly packumentCache full:https://registry.npmjs.org/@img%2fsharp-linux-x64 set size:undefined disposed:false
181 silly fetch manifest @img/sharp-linuxmusl-arm64@0.35.3
182 silly packumentCache full:https://registry.npmjs.org/@img%2fsharp-linuxmusl-arm64 cache-miss
183 http fetch GET 200 https://registry.npmjs.org/@img%2fsharp-linuxmusl-arm64 38ms (cache miss)
184 silly packumentCache full:https://registry.npmjs.org/@img%2fsharp-linuxmusl-arm64 set size:undefined disposed:false
185 silly fetch manifest @img/sharp-linuxmusl-x64@0.35.3
186 silly packumentCache full:https://registry.npmjs.org/@img%2fsharp-linuxmusl-x64 cache-miss
187 http fetch GET 200 https://registry.npmjs.org/@img%2fsharp-linuxmusl-x64 42ms (cache miss)
188 silly packumentCache full:https://registry.npmjs.org/@img%2fsharp-linuxmusl-x64 set size:undefined disposed:false
189 silly fetch manifest @img/sharp-webcontainers-wasm32@0.35.3
190 silly packumentCache full:https://registry.npmjs.org/@img%2fsharp-webcontainers-wasm32 cache-miss
191 http fetch GET 200 https://registry.npmjs.org/@img%2fsharp-webcontainers-wasm32 33ms (cache miss)
192 silly packumentCache full:https://registry.npmjs.org/@img%2fsharp-webcontainers-wasm32 set size:undefined disposed:false
193 silly fetch manifest @img/sharp-win32-arm64@0.35.3
194 silly packumentCache full:https://registry.npmjs.org/@img%2fsharp-win32-arm64 cache-miss
195 http fetch GET 200 https://registry.npmjs.org/@img%2fsharp-win32-arm64 47ms (cache miss)
196 silly packumentCache full:https://registry.npmjs.org/@img%2fsharp-win32-arm64 set size:undefined disposed:false
197 silly fetch manifest @img/sharp-win32-ia32@0.35.3
198 silly packumentCache full:https://registry.npmjs.org/@img%2fsharp-win32-ia32 cache-miss
199 http fetch GET 200 https://registry.npmjs.org/@img%2fsharp-win32-ia32 36ms (cache miss)
200 silly packumentCache full:https://registry.npmjs.org/@img%2fsharp-win32-ia32 set size:undefined disposed:false
201 silly fetch manifest @img/sharp-win32-x64@0.35.3
202 silly packumentCache full:https://registry.npmjs.org/@img%2fsharp-win32-x64 cache-miss
203 http fetch GET 200 https://registry.npmjs.org/@img%2fsharp-win32-x64 43ms (cache miss)
204 silly packumentCache full:https://registry.npmjs.org/@img%2fsharp-win32-x64 set size:undefined disposed:false
205 silly fetch manifest qs@~6.15.1
206 silly packumentCache full:https://registry.npmjs.org/qs cache-miss
207 http fetch GET 200 https://registry.npmjs.org/qs 33ms (cache miss)
208 silly packumentCache full:https://registry.npmjs.org/qs set size:undefined disposed:false
209 silly fetch manifest depd@2.0.0
210 silly packumentCache full:https://registry.npmjs.org/depd cache-miss
211 http fetch GET 200 https://registry.npmjs.org/depd 29ms (cache miss)
212 silly packumentCache full:https://registry.npmjs.org/depd set size:undefined disposed:false
213 silly fetch manifest etag@~1.8.1
214 silly packumentCache full:https://registry.npmjs.org/etag cache-miss
215 http fetch GET 200 https://registry.npmjs.org/etag 23ms (cache miss)
216 silly packumentCache full:https://registry.npmjs.org/etag set size:undefined disposed:false
217 silly fetch manifest send@~0.19.0
218 silly packumentCache full:https://registry.npmjs.org/send cache-miss
219 http fetch GET 200 https://registry.npmjs.org/send 50ms (cache miss)
220 silly packumentCache full:https://registry.npmjs.org/send set size:undefined disposed:false
221 silly fetch manifest vary@~1.1.2
222 silly packumentCache full:https://registry.npmjs.org/vary cache-miss
223 http fetch GET 200 https://registry.npmjs.org/vary 22ms (cache miss)
224 silly packumentCache full:https://registry.npmjs.org/vary set size:undefined disposed:false
225 silly fetch manifest debug@2.6.9
226 silly packumentCache full:https://registry.npmjs.org/debug cache-miss
227 http fetch GET 200 https://registry.npmjs.org/debug 33ms (cache miss)
228 silly packumentCache full:https://registry.npmjs.org/debug set size:undefined disposed:false
229 silly fetch manifest fresh@~0.5.2
230 silly packumentCache full:https://registry.npmjs.org/fresh cache-miss
231 http fetch GET 200 https://registry.npmjs.org/fresh 26ms (cache miss)
232 silly packumentCache full:https://registry.npmjs.org/fresh set size:undefined disposed:false
233 silly fetch manifest cookie@~0.7.1
234 silly packumentCache full:https://registry.npmjs.org/cookie cache-miss
235 http fetch GET 200 https://registry.npmjs.org/cookie 38ms (cache miss)
236 silly packumentCache full:https://registry.npmjs.org/cookie set size:undefined disposed:false
237 silly fetch manifest accepts@~1.3.8
238 silly packumentCache full:https://registry.npmjs.org/accepts cache-miss
239 http fetch GET 200 https://registry.npmjs.org/accepts 24ms (cache miss)
240 silly packumentCache full:https://registry.npmjs.org/accepts set size:undefined disposed:false
241 silly fetch manifest methods@~1.1.2
242 silly packumentCache full:https://registry.npmjs.org/methods cache-miss
243 http fetch GET 200 https://registry.npmjs.org/methods 28ms (cache miss)
244 silly packumentCache full:https://registry.npmjs.org/methods set size:undefined disposed:false
245 silly fetch manifest type-is@~1.6.18
246 silly packumentCache full:https://registry.npmjs.org/type-is cache-miss
247 http fetch GET 200 https://registry.npmjs.org/type-is 26ms (cache miss)
248 silly packumentCache full:https://registry.npmjs.org/type-is set size:undefined disposed:false
249 silly fetch manifest parseurl@~1.3.3
250 silly packumentCache full:https://registry.npmjs.org/parseurl cache-miss
251 http fetch GET 200 https://registry.npmjs.org/parseurl 27ms (cache miss)
252 silly packumentCache full:https://registry.npmjs.org/parseurl set size:undefined disposed:false
253 silly fetch manifest statuses@~2.0.1
254 silly packumentCache full:https://registry.npmjs.org/statuses cache-miss
255 http fetch GET 200 https://registry.npmjs.org/statuses 23ms (cache miss)
256 silly packumentCache full:https://registry.npmjs.org/statuses set size:undefined disposed:false
257 silly fetch manifest encodeurl@~2.0.0
258 silly packumentCache full:https://registry.npmjs.org/encodeurl cache-miss
259 http fetch GET 200 https://registry.npmjs.org/encodeurl 24ms (cache miss)
260 silly packumentCache full:https://registry.npmjs.org/encodeurl set size:undefined disposed:false
261 silly fetch manifest proxy-addr@~2.0.7
262 silly packumentCache full:https://registry.npmjs.org/proxy-addr cache-miss
263 http fetch GET 200 https://registry.npmjs.org/proxy-addr 25ms (cache miss)
264 silly packumentCache full:https://registry.npmjs.org/proxy-addr set size:undefined disposed:false
265 silly fetch manifest body-parser@~1.20.5
266 silly packumentCache full:https://registry.npmjs.org/body-parser cache-miss
267 http fetch GET 200 https://registry.npmjs.org/body-parser 41ms (cache miss)
268 silly packumentCache full:https://registry.npmjs.org/body-parser set size:undefined disposed:false
269 silly fetch manifest escape-html@~1.0.3
270 silly packumentCache full:https://registry.npmjs.org/escape-html cache-miss
271 http fetch GET 200 https://registry.npmjs.org/escape-html 24ms (cache miss)
272 silly packumentCache full:https://registry.npmjs.org/escape-html set size:undefined disposed:false
273 silly fetch manifest http-errors@~2.0.0
274 silly packumentCache full:https://registry.npmjs.org/http-errors cache-miss
275 http fetch GET 200 https://registry.npmjs.org/http-errors 30ms (cache miss)
276 silly packumentCache full:https://registry.npmjs.org/http-errors set size:undefined disposed:false
277 silly fetch manifest on-finished@~2.4.1
278 silly packumentCache full:https://registry.npmjs.org/on-finished cache-miss
279 http fetch GET 200 https://registry.npmjs.org/on-finished 28ms (cache miss)
280 silly packumentCache full:https://registry.npmjs.org/on-finished set size:undefined disposed:false
281 silly fetch manifest safe-buffer@5.2.1
282 silly packumentCache full:https://registry.npmjs.org/safe-buffer cache-miss
283 http fetch GET 200 https://registry.npmjs.org/safe-buffer 32ms (cache miss)
284 silly packumentCache full:https://registry.npmjs.org/safe-buffer set size:undefined disposed:false
285 silly fetch manifest utils-merge@1.0.1
286 silly packumentCache full:https://registry.npmjs.org/utils-merge cache-miss
287 http fetch GET 200 https://registry.npmjs.org/utils-merge 26ms (cache miss)
288 silly packumentCache full:https://registry.npmjs.org/utils-merge set size:undefined disposed:false
289 silly fetch manifest content-type@~1.0.4
290 silly packumentCache full:https://registry.npmjs.org/content-type cache-miss
291 http fetch GET 200 https://registry.npmjs.org/content-type 28ms (cache miss)
292 silly packumentCache full:https://registry.npmjs.org/content-type set size:undefined disposed:false
293 silly fetch manifest finalhandler@~1.3.1
294 silly packumentCache full:https://registry.npmjs.org/finalhandler cache-miss
295 http fetch GET 200 https://registry.npmjs.org/finalhandler 25ms (cache miss)
296 silly packumentCache full:https://registry.npmjs.org/finalhandler set size:undefined disposed:false
297 silly fetch manifest range-parser@~1.2.1
298 silly packumentCache full:https://registry.npmjs.org/range-parser cache-miss
299 http fetch GET 200 https://registry.npmjs.org/range-parser 29ms (cache miss)
300 silly packumentCache full:https://registry.npmjs.org/range-parser set size:undefined disposed:false
301 silly fetch manifest serve-static@~1.16.2
302 silly packumentCache full:https://registry.npmjs.org/serve-static cache-miss
303 http fetch GET 200 https://registry.npmjs.org/serve-static 29ms (cache miss)
304 silly packumentCache full:https://registry.npmjs.org/serve-static set size:undefined disposed:false
305 silly fetch manifest array-flatten@1.1.1
306 silly packumentCache full:https://registry.npmjs.org/array-flatten cache-miss
307 http fetch GET 200 https://registry.npmjs.org/array-flatten 32ms (cache miss)
308 silly packumentCache full:https://registry.npmjs.org/array-flatten set size:undefined disposed:false
309 silly fetch manifest path-to-regexp@~0.1.12
310 silly packumentCache full:https://registry.npmjs.org/path-to-regexp cache-miss
311 http fetch GET 200 https://registry.npmjs.org/path-to-regexp 29ms (cache miss)
312 silly packumentCache full:https://registry.npmjs.org/path-to-regexp set size:undefined disposed:false
313 silly fetch manifest setprototypeof@1.2.0
314 silly packumentCache full:https://registry.npmjs.org/setprototypeof cache-miss
315 http fetch GET 200 https://registry.npmjs.org/setprototypeof 37ms (cache miss)
316 silly packumentCache full:https://registry.npmjs.org/setprototypeof set size:undefined disposed:false
317 silly fetch manifest cookie-signature@~1.0.6
318 silly packumentCache full:https://registry.npmjs.org/cookie-signature cache-miss
319 http fetch GET 200 https://registry.npmjs.org/cookie-signature 23ms (cache miss)
320 silly packumentCache full:https://registry.npmjs.org/cookie-signature set size:undefined disposed:false
321 silly fetch manifest merge-descriptors@1.0.3
322 silly packumentCache full:https://registry.npmjs.org/merge-descriptors cache-miss
323 http fetch GET 200 https://registry.npmjs.org/merge-descriptors 26ms (cache miss)
324 silly packumentCache full:https://registry.npmjs.org/merge-descriptors set size:undefined disposed:false
325 silly fetch manifest content-disposition@~0.5.4
326 silly packumentCache full:https://registry.npmjs.org/content-disposition cache-miss
327 http fetch GET 200 https://registry.npmjs.org/content-disposition 23ms (cache miss)
328 silly packumentCache full:https://registry.npmjs.org/content-disposition set size:undefined disposed:false
329 silly fetch manifest sonic-boom@^4.0.1
330 silly packumentCache full:https://registry.npmjs.org/sonic-boom cache-miss
331 http fetch GET 200 https://registry.npmjs.org/sonic-boom 38ms (cache miss)
332 silly packumentCache full:https://registry.npmjs.org/sonic-boom set size:undefined disposed:false
333 silly fetch manifest atomic-sleep@^1.0.0
334 silly packumentCache full:https://registry.npmjs.org/atomic-sleep cache-miss
335 http fetch GET 200 https://registry.npmjs.org/atomic-sleep 27ms (cache miss)
336 silly packumentCache full:https://registry.npmjs.org/atomic-sleep set size:undefined disposed:false
337 silly fetch manifest real-require@^0.2.0
338 silly packumentCache full:https://registry.npmjs.org/real-require cache-miss
339 http fetch GET 200 https://registry.npmjs.org/real-require 37ms (cache miss)
340 silly packumentCache full:https://registry.npmjs.org/real-require set size:undefined disposed:false
341 silly fetch manifest thread-stream@^3.0.0
342 silly packumentCache full:https://registry.npmjs.org/thread-stream cache-miss
343 http fetch GET 200 https://registry.npmjs.org/thread-stream 26ms (cache miss)
344 silly packumentCache full:https://registry.npmjs.org/thread-stream set size:undefined disposed:false
345 silly fetch manifest @pinojs/redact@^0.4.0
346 silly packumentCache full:https://registry.npmjs.org/@pinojs%2fredact cache-miss
347 http fetch GET 200 https://registry.npmjs.org/@pinojs%2fredact 57ms (cache miss)
348 silly packumentCache full:https://registry.npmjs.org/@pinojs%2fredact set size:undefined disposed:false
349 silly fetch manifest process-warning@^5.0.0
350 silly packumentCache full:https://registry.npmjs.org/process-warning cache-miss
351 http fetch GET 200 https://registry.npmjs.org/process-warning 29ms (cache miss)
352 silly packumentCache full:https://registry.npmjs.org/process-warning set size:undefined disposed:false
353 silly fetch manifest on-exit-leak-free@^2.1.0
354 silly packumentCache full:https://registry.npmjs.org/on-exit-leak-free cache-miss
355 http fetch GET 200 https://registry.npmjs.org/on-exit-leak-free 33ms (cache miss)
356 silly packumentCache full:https://registry.npmjs.org/on-exit-leak-free set size:undefined disposed:false
357 silly fetch manifest pino-std-serializers@^7.0.0
358 silly packumentCache full:https://registry.npmjs.org/pino-std-serializers cache-miss
359 http fetch GET 200 https://registry.npmjs.org/pino-std-serializers 26ms (cache miss)
360 silly packumentCache full:https://registry.npmjs.org/pino-std-serializers set size:undefined disposed:false
361 silly fetch manifest safe-stable-stringify@^2.3.1
362 silly packumentCache full:https://registry.npmjs.org/safe-stable-stringify cache-miss
363 http fetch GET 200 https://registry.npmjs.org/safe-stable-stringify 41ms (cache miss)
364 silly packumentCache full:https://registry.npmjs.org/safe-stable-stringify set size:undefined disposed:false
365 silly fetch manifest quick-format-unescaped@^4.0.3
366 silly packumentCache full:https://registry.npmjs.org/quick-format-unescaped cache-miss
367 http fetch GET 200 https://registry.npmjs.org/quick-format-unescaped 23ms (cache miss)
368 silly packumentCache full:https://registry.npmjs.org/quick-format-unescaped set size:undefined disposed:false
369 silly fetch manifest pino-abstract-transport@^2.0.0
370 silly packumentCache full:https://registry.npmjs.org/pino-abstract-transport cache-miss
371 http fetch GET 200 https://registry.npmjs.org/pino-abstract-transport 34ms (cache miss)
372 silly packumentCache full:https://registry.npmjs.org/pino-abstract-transport set size:undefined disposed:false
373 silly fetch manifest pngjs@^5.0.0
374 silly packumentCache full:https://registry.npmjs.org/pngjs cache-miss
375 http fetch GET 200 https://registry.npmjs.org/pngjs 30ms (cache miss)
376 silly packumentCache full:https://registry.npmjs.org/pngjs set size:undefined disposed:false
377 silly fetch manifest yargs@^15.3.1
378 silly packumentCache full:https://registry.npmjs.org/yargs cache-miss
379 http fetch GET 200 https://registry.npmjs.org/yargs 71ms (cache miss)
380 silly packumentCache full:https://registry.npmjs.org/yargs set size:undefined disposed:false
381 silly fetch manifest dijkstrajs@^1.0.1
382 silly packumentCache full:https://registry.npmjs.org/dijkstrajs cache-miss
383 http fetch GET 200 https://registry.npmjs.org/dijkstrajs 26ms (cache miss)
384 silly packumentCache full:https://registry.npmjs.org/dijkstrajs set size:undefined disposed:false
385 silly placeDep ROOT @hapi/hoek@11.0.7 OK for: @hapi/boom@10.0.1 want: ^11.0.2
386 silly fetch manifest bufferutil@^4.0.1
387 silly packumentCache full:https://registry.npmjs.org/bufferutil cache-miss
388 http fetch GET 200 https://registry.npmjs.org/bufferutil 41ms (cache miss)
389 silly packumentCache full:https://registry.npmjs.org/bufferutil set size:undefined disposed:false
390 silly fetch manifest utf-8-validate@>=5.0.2
391 silly packumentCache full:https://registry.npmjs.org/utf-8-validate cache-miss
392 http fetch GET 200 https://registry.npmjs.org/utf-8-validate 25ms (cache miss)
393 silly packumentCache full:https://registry.npmjs.org/utf-8-validate set size:undefined disposed:false
394 silly placeDep ROOT @cacheable/node-cache@1.7.6 OK for: @whiskeysockets/baileys@6.7.24 want: ^1.4.0
395 silly placeDep node_modules/@whiskeysockets/baileys @hapi/boom@9.1.4 OK for: @whiskeysockets/baileys@6.7.24 want: ^9.1.3
396 silly placeDep ROOT async-mutex@0.5.0 OK for: @whiskeysockets/baileys@6.7.24 want: ^0.5.0
397 silly placeDep ROOT axios@1.19.0 OK for: @whiskeysockets/baileys@6.7.24 want: ^1.6.0
398 silly placeDep ROOT libsignal@6.0.0 OK for: @whiskeysockets/baileys@6.7.24 want: git+https://github.com/whiskeysockets/libsignal-node.git
399 silly placeDep ROOT music-metadata@11.14.0 OK for: @whiskeysockets/baileys@6.7.24 want: ^11.7.0
400 silly placeDep ROOT protobufjs@7.6.5 OK for: @whiskeysockets/baileys@6.7.24 want: ^7.2.4
401 silly placeDep ROOT ws@8.21.3 OK for: @whiskeysockets/baileys@6.7.24 want: ^8.13.0
402 silly fetch manifest keyv@^5.5.5
403 silly packumentCache full:https://registry.npmjs.org/keyv cache-miss
404 http fetch GET 200 https://registry.npmjs.org/keyv 36ms (cache miss)
405 silly packumentCache full:https://registry.npmjs.org/keyv set size:undefined disposed:false
406 silly fetch manifest cacheable@^2.3.1
407 silly packumentCache full:https://registry.npmjs.org/cacheable cache-miss
408 http fetch GET 200 https://registry.npmjs.org/cacheable 28ms (cache miss)
409 silly packumentCache full:https://registry.npmjs.org/cacheable set size:undefined disposed:false
410 silly fetch manifest hookified@^1.14.0
411 silly packumentCache full:https://registry.npmjs.org/hookified cache-miss
412 http fetch GET 200 https://registry.npmjs.org/hookified 31ms (cache miss)
413 silly packumentCache full:https://registry.npmjs.org/hookified set size:undefined disposed:false
414 silly fetch manifest @hapi/hoek@9.x.x
415 silly packumentCache full:https://registry.npmjs.org/@hapi%2fhoek cache-miss
416 http fetch GET 200 https://registry.npmjs.org/@hapi%2fhoek 3ms (cache hit)
417 silly packumentCache full:https://registry.npmjs.org/@hapi%2fhoek set size:122440 disposed:false
418 silly fetch manifest tslib@^2.4.0
419 silly packumentCache full:https://registry.npmjs.org/tslib cache-miss
420 http fetch GET 200 https://registry.npmjs.org/tslib 42ms (cache miss)
421 silly packumentCache full:https://registry.npmjs.org/tslib set size:undefined disposed:false
422 silly fetch manifest form-data@^4.0.6
423 silly packumentCache full:https://registry.npmjs.org/form-data cache-miss
424 http fetch GET 200 https://registry.npmjs.org/form-data 38ms (cache miss)
425 silly packumentCache full:https://registry.npmjs.org/form-data set size:undefined disposed:false
426 silly fetch manifest proxy-from-env@^2.1.0
427 silly packumentCache full:https://registry.npmjs.org/proxy-from-env cache-miss
428 http fetch GET 200 https://registry.npmjs.org/proxy-from-env 23ms (cache miss)
429 silly packumentCache full:https://registry.npmjs.org/proxy-from-env set size:undefined disposed:false
430 silly fetch manifest follow-redirects@^1.16.0
431 silly packumentCache full:https://registry.npmjs.org/follow-redirects cache-miss
432 http fetch GET 200 https://registry.npmjs.org/follow-redirects 37ms (cache miss)
433 silly packumentCache full:https://registry.npmjs.org/follow-redirects set size:undefined disposed:false
434 silly fetch manifest https-proxy-agent@^5.0.1
435 silly packumentCache full:https://registry.npmjs.org/https-proxy-agent cache-miss
436 http fetch GET 200 https://registry.npmjs.org/https-proxy-agent 26ms (cache miss)
437 silly packumentCache full:https://registry.npmjs.org/https-proxy-agent set size:undefined disposed:false
438 silly fetch manifest curve25519-js@^0.0.4
439 silly packumentCache full:https://registry.npmjs.org/curve25519-js cache-miss
440 http fetch GET 200 https://registry.npmjs.org/curve25519-js 27ms (cache miss)
441 silly packumentCache full:https://registry.npmjs.org/curve25519-js set size:undefined disposed:false
442 silly fetch manifest protobufjs@^7.5.5
443 silly packumentCache full:https://registry.npmjs.org/protobufjs cache-miss
444 http fetch GET 200 https://registry.npmjs.org/protobufjs 6ms (cache hit)
445 silly packumentCache full:https://registry.npmjs.org/protobufjs set size:771492 disposed:false
446 silly fetch manifest @borewit/text-codec@^0.2.2
447 silly packumentCache full:https://registry.npmjs.org/@borewit%2ftext-codec cache-miss
448 http fetch GET 200 https://registry.npmjs.org/@borewit%2ftext-codec 33ms (cache miss)
449 silly packumentCache full:https://registry.npmjs.org/@borewit%2ftext-codec set size:undefined disposed:false
450 silly fetch manifest @tokenizer/token@^0.3.0
451 silly packumentCache full:https://registry.npmjs.org/@tokenizer%2ftoken cache-miss
452 http fetch GET 200 https://registry.npmjs.org/@tokenizer%2ftoken 45ms (cache miss)
453 silly packumentCache full:https://registry.npmjs.org/@tokenizer%2ftoken set size:undefined disposed:false
454 silly fetch manifest content-type@^2.0.0
455 silly packumentCache full:https://registry.npmjs.org/content-type cache-miss
456 http fetch GET 200 https://registry.npmjs.org/content-type 3ms (cache hit)
457 silly packumentCache full:https://registry.npmjs.org/content-type set size:21479 disposed:false
458 silly fetch manifest debug@^4.4.3
459 silly packumentCache full:https://registry.npmjs.org/debug cache-miss
460 http fetch GET 200 https://registry.npmjs.org/debug 6ms (cache hit)
461 silly packumentCache full:https://registry.npmjs.org/debug set size:195840 disposed:false
462 silly fetch manifest file-type@^21.3.4
463 silly packumentCache full:https://registry.npmjs.org/file-type cache-miss
464 http fetch GET 200 https://registry.npmjs.org/file-type 39ms (cache miss)
465 silly packumentCache full:https://registry.npmjs.org/file-type set size:undefined disposed:false
466 silly fetch manifest media-typer@^2.0.0
467 silly packumentCache full:https://registry.npmjs.org/media-typer cache-miss
468 http fetch GET 200 https://registry.npmjs.org/media-typer 42ms (cache miss)
469 silly packumentCache full:https://registry.npmjs.org/media-typer set size:undefined disposed:false
470 silly fetch manifest strtok3@^10.3.5
471 silly packumentCache full:https://registry.npmjs.org/strtok3 cache-miss
472 http fetch GET 200 https://registry.npmjs.org/strtok3 34ms (cache miss)
473 silly packumentCache full:https://registry.npmjs.org/strtok3 set size:undefined disposed:false
474 silly fetch manifest token-types@^6.1.2
475 silly packumentCache full:https://registry.npmjs.org/token-types cache-miss
476 http fetch GET 200 https://registry.npmjs.org/token-types 36ms (cache miss)
477 silly packumentCache full:https://registry.npmjs.org/token-types set size:undefined disposed:false
478 silly fetch manifest uint8array-extras@^1.5.0
479 silly packumentCache full:https://registry.npmjs.org/uint8array-extras cache-miss
480 http fetch GET 200 https://registry.npmjs.org/uint8array-extras 23ms (cache miss)
481 silly packumentCache full:https://registry.npmjs.org/uint8array-extras set size:undefined disposed:false
482 silly fetch manifest win-guid@^0.2.1
483 silly packumentCache full:https://registry.npmjs.org/win-guid cache-miss
484 http fetch GET 200 https://registry.npmjs.org/win-guid 26ms (cache miss)
485 silly packumentCache full:https://registry.npmjs.org/win-guid set size:undefined disposed:false
486 silly fetch manifest long@^5.3.2
487 silly packumentCache full:https://registry.npmjs.org/long cache-miss
488 http fetch GET 200 https://registry.npmjs.org/long 25ms (cache miss)
489 silly packumentCache full:https://registry.npmjs.org/long set size:undefined disposed:false
490 silly fetch manifest @types/node@>=13.7.0
491 silly packumentCache full:https://registry.npmjs.org/@types%2fnode cache-miss
492 http fetch GET 200 https://registry.npmjs.org/@types%2fnode 257ms (cache miss)
493 silly packumentCache full:https://registry.npmjs.org/@types%2fnode set size:undefined disposed:false
494 silly fetch manifest @protobufjs/path@^1.1.2
495 silly packumentCache full:https://registry.npmjs.org/@protobufjs%2fpath cache-miss
496 http fetch GET 200 https://registry.npmjs.org/@protobufjs%2fpath 35ms (cache miss)
497 silly packumentCache full:https://registry.npmjs.org/@protobufjs%2fpath set size:undefined disposed:false
498 silly fetch manifest @protobufjs/pool@^1.1.0
499 silly packumentCache full:https://registry.npmjs.org/@protobufjs%2fpool cache-miss
500 http fetch GET 200 https://registry.npmjs.org/@protobufjs%2fpool 45ms (cache miss)
501 silly packumentCache full:https://registry.npmjs.org/@protobufjs%2fpool set size:undefined disposed:false
502 silly fetch manifest @protobufjs/utf8@^1.1.1
503 silly packumentCache full:https://registry.npmjs.org/@protobufjs%2futf8 cache-miss
504 http fetch GET 200 https://registry.npmjs.org/@protobufjs%2futf8 32ms (cache miss)
505 silly packumentCache full:https://registry.npmjs.org/@protobufjs%2futf8 set size:undefined disposed:false
506 silly fetch manifest @protobufjs/fetch@^1.1.1
507 silly packumentCache full:https://registry.npmjs.org/@protobufjs%2ffetch cache-miss
508 http fetch GET 200 https://registry.npmjs.org/@protobufjs%2ffetch 43ms (cache miss)
509 silly packumentCache full:https://registry.npmjs.org/@protobufjs%2ffetch set size:undefined disposed:false
510 silly fetch manifest @protobufjs/float@^1.0.2
511 silly packumentCache full:https://registry.npmjs.org/@protobufjs%2ffloat cache-miss
512 http fetch GET 200 https://registry.npmjs.org/@protobufjs%2ffloat 35ms (cache miss)
513 silly packumentCache full:https://registry.npmjs.org/@protobufjs%2ffloat set size:undefined disposed:false
514 silly fetch manifest @protobufjs/base64@^1.1.2
515 silly packumentCache full:https://registry.npmjs.org/@protobufjs%2fbase64 cache-miss
516 http fetch GET 200 https://registry.npmjs.org/@protobufjs%2fbase64 40ms (cache miss)
517 silly packumentCache full:https://registry.npmjs.org/@protobufjs%2fbase64 set size:undefined disposed:false
518 silly fetch manifest @protobufjs/codegen@^2.0.5
519 silly packumentCache full:https://registry.npmjs.org/@protobufjs%2fcodegen cache-miss
520 http fetch GET 200 https://registry.npmjs.org/@protobufjs%2fcodegen 33ms (cache miss)
521 silly packumentCache full:https://registry.npmjs.org/@protobufjs%2fcodegen set size:undefined disposed:false
522 silly fetch manifest @protobufjs/aspromise@^1.1.2
523 silly packumentCache full:https://registry.npmjs.org/@protobufjs%2faspromise cache-miss
524 http fetch GET 200 https://registry.npmjs.org/@protobufjs%2faspromise 38ms (cache miss)
525 silly packumentCache full:https://registry.npmjs.org/@protobufjs%2faspromise set size:undefined disposed:false
526 silly fetch manifest @protobufjs/eventemitter@^1.1.1
527 silly packumentCache full:https://registry.npmjs.org/@protobufjs%2feventemitter cache-miss
528 http fetch GET 200 https://registry.npmjs.org/@protobufjs%2feventemitter 31ms (cache miss)
529 silly packumentCache full:https://registry.npmjs.org/@protobufjs%2feventemitter set size:undefined disposed:false
530 silly placeDep ROOT cacheable@2.5.0 OK for: @cacheable/node-cache@1.7.6 want: ^2.3.1
531 silly placeDep ROOT hookified@1.15.1 OK for: @cacheable/node-cache@1.7.6 want: ^1.14.0
532 silly placeDep ROOT keyv@5.6.0 OK for: @cacheable/node-cache@1.7.6 want: ^5.5.5
533 silly fetch manifest keyv@^5.6.0
534 silly packumentCache full:https://registry.npmjs.org/keyv cache-miss
535 http fetch GET 200 https://registry.npmjs.org/keyv 8ms (cache hit)
536 silly packumentCache full:https://registry.npmjs.org/keyv set size:227033 disposed:false
537 silly fetch manifest qified@^0.10.1
538 silly packumentCache full:https://registry.npmjs.org/qified cache-miss
539 http fetch GET 200 https://registry.npmjs.org/qified 32ms (cache miss)
540 silly packumentCache full:https://registry.npmjs.org/qified set size:undefined disposed:false
541 silly fetch manifest hookified@^1.15.0
542 silly packumentCache full:https://registry.npmjs.org/hookified cache-miss
543 http fetch GET 200 https://registry.npmjs.org/hookified 4ms (cache hit)
544 silly packumentCache full:https://registry.npmjs.org/hookified set size:99100 disposed:false
545 silly fetch manifest @cacheable/utils@^2.5.0
546 silly packumentCache full:https://registry.npmjs.org/@cacheable%2futils cache-miss
547 http fetch GET 200 https://registry.npmjs.org/@cacheable%2futils 33ms (cache miss)
548 silly packumentCache full:https://registry.npmjs.org/@cacheable%2futils set size:undefined disposed:false
549 silly fetch manifest @cacheable/memory@^2.2.0
550 silly packumentCache full:https://registry.npmjs.org/@cacheable%2fmemory cache-miss
551 http fetch GET 200 https://registry.npmjs.org/@cacheable%2fmemory 47ms (cache miss)
552 silly packumentCache full:https://registry.npmjs.org/@cacheable%2fmemory set size:undefined disposed:false
553 silly fetch manifest @keyv/serialize@^1.1.1
554 silly packumentCache full:https://registry.npmjs.org/@keyv%2fserialize cache-miss
555 http fetch GET 200 https://registry.npmjs.org/@keyv%2fserialize 34ms (cache miss)
556 silly packumentCache full:https://registry.npmjs.org/@keyv%2fserialize set size:undefined disposed:false
557 silly placeDep ROOT tslib@2.8.1 OK for: async-mutex@0.5.0 want: ^2.4.0
558 silly placeDep ROOT follow-redirects@1.16.0 OK for: axios@1.19.0 want: ^1.16.0
559 silly placeDep ROOT form-data@4.0.6 OK for: axios@1.19.0 want: ^4.0.6
560 silly placeDep ROOT https-proxy-agent@5.0.1 OK for: axios@1.19.0 want: ^5.0.1
561 silly placeDep ROOT proxy-from-env@2.1.0 OK for: axios@1.19.0 want: ^2.1.0
562 silly fetch manifest hasown@^2.0.4
563 silly packumentCache full:https://registry.npmjs.org/hasown cache-miss
564 http fetch GET 200 https://registry.npmjs.org/hasown 28ms (cache miss)
565 silly packumentCache full:https://registry.npmjs.org/hasown set size:undefined disposed:false
566 silly fetch manifest asynckit@^0.4.0
567 silly packumentCache full:https://registry.npmjs.org/asynckit cache-miss
568 http fetch GET 200 https://registry.npmjs.org/asynckit 26ms (cache miss)
569 silly packumentCache full:https://registry.npmjs.org/asynckit set size:undefined disposed:false
570 silly fetch manifest mime-types@^2.1.35
571 silly packumentCache full:https://registry.npmjs.org/mime-types cache-miss
572 http fetch GET 200 https://registry.npmjs.org/mime-types 29ms (cache miss)
573 silly packumentCache full:https://registry.npmjs.org/mime-types set size:undefined disposed:false
574 silly fetch manifest combined-stream@^1.0.8
575 silly packumentCache full:https://registry.npmjs.org/combined-stream cache-miss
576 http fetch GET 200 https://registry.npmjs.org/combined-stream 22ms (cache miss)
577 silly packumentCache full:https://registry.npmjs.org/combined-stream set size:undefined disposed:false
578 silly fetch manifest es-set-tostringtag@^2.1.0
579 silly packumentCache full:https://registry.npmjs.org/es-set-tostringtag cache-miss
580 http fetch GET 200 https://registry.npmjs.org/es-set-tostringtag 28ms (cache miss)
581 silly packumentCache full:https://registry.npmjs.org/es-set-tostringtag set size:undefined disposed:false
582 silly fetch manifest debug@4
583 silly packumentCache full:https://registry.npmjs.org/debug cache-hit
584 silly fetch manifest agent-base@6
585 silly packumentCache full:https://registry.npmjs.org/agent-base cache-miss
586 http fetch GET 200 https://registry.npmjs.org/agent-base 25ms (cache miss)
587 silly packumentCache full:https://registry.npmjs.org/agent-base set size:undefined disposed:false
588 silly placeDep ROOT @cacheable/memory@2.2.0 OK for: cacheable@2.5.0 want: ^2.2.0
589 silly placeDep ROOT @cacheable/utils@2.5.0 OK for: cacheable@2.5.0 want: ^2.5.0
590 silly placeDep ROOT qified@0.10.1 OK for: cacheable@2.5.0 want: ^0.10.1
591 silly fetch manifest @keyv/bigmap@^1.3.1
592 silly packumentCache full:https://registry.npmjs.org/@keyv%2fbigmap cache-miss
593 http fetch GET 200 https://registry.npmjs.org/@keyv%2fbigmap 43ms (cache miss)
594 silly packumentCache full:https://registry.npmjs.org/@keyv%2fbigmap set size:undefined disposed:false
595 silly fetch manifest hashery@^1.5.1
596 silly packumentCache full:https://registry.npmjs.org/hashery cache-miss
597 http fetch GET 200 https://registry.npmjs.org/hashery 28ms (cache miss)
598 silly packumentCache full:https://registry.npmjs.org/hashery set size:undefined disposed:false
599 silly fetch manifest hookified@^2.1.1
600 silly packumentCache full:https://registry.npmjs.org/hookified cache-hit
601 silly placeDep ROOT @keyv/bigmap@1.3.1 OK for: @cacheable/memory@2.2.0 want: ^1.3.1
602 silly fetch manifest hashery@^1.4.0
603 silly packumentCache full:https://registry.npmjs.org/hashery cache-miss
604 http fetch GET 200 https://registry.npmjs.org/hashery 7ms (cache hit)
605 silly packumentCache full:https://registry.npmjs.org/hashery set size:29616 disposed:false
606 silly placeDep ROOT hashery@1.5.1 OK for: @cacheable/utils@2.5.0 want: ^1.5.1
607 silly placeDep ROOT accepts@1.3.8 OK for: express@4.22.2 want: ~1.3.8
608 silly placeDep ROOT array-flatten@1.1.1 OK for: express@4.22.2 want: 1.1.1
609 silly placeDep ROOT body-parser@1.20.6 OK for: express@4.22.2 want: ~1.20.5
610 silly placeDep ROOT content-disposition@0.5.4 OK for: express@4.22.2 want: ~0.5.4
611 silly placeDep ROOT content-type@1.0.5 OK for: express@4.22.2 want: ~1.0.4
612 silly placeDep ROOT cookie@0.7.2 OK for: express@4.22.2 want: ~0.7.1
613 silly placeDep ROOT cookie-signature@1.0.7 OK for: express@4.22.2 want: ~1.0.6
614 silly placeDep ROOT debug@2.6.9 OK for: express@4.22.2 want: 2.6.9
615 silly placeDep ROOT depd@2.0.0 OK for: express@4.22.2 want: 2.0.0
616 silly placeDep ROOT encodeurl@2.0.0 OK for: express@4.22.2 want: ~2.0.0
617 silly placeDep ROOT escape-html@1.0.3 OK for: express@4.22.2 want: ~1.0.3
618 silly placeDep ROOT etag@1.8.1 OK for: express@4.22.2 want: ~1.8.1
619 silly placeDep ROOT finalhandler@1.3.2 OK for: express@4.22.2 want: ~1.3.1
620 silly placeDep ROOT fresh@0.5.2 OK for: express@4.22.2 want: ~0.5.2
621 silly placeDep ROOT http-errors@2.0.1 OK for: express@4.22.2 want: ~2.0.0
622 silly placeDep ROOT merge-descriptors@1.0.3 OK for: express@4.22.2 want: 1.0.3
623 silly placeDep ROOT methods@1.1.2 OK for: express@4.22.2 want: ~1.1.2
624 silly placeDep ROOT on-finished@2.4.1 OK for: express@4.22.2 want: ~2.4.1
625 silly placeDep ROOT parseurl@1.3.3 OK for: express@4.22.2 want: ~1.3.3
626 silly placeDep ROOT path-to-regexp@0.1.13 OK for: express@4.22.2 want: ~0.1.12
627 silly placeDep ROOT proxy-addr@2.0.7 OK for: express@4.22.2 want: ~2.0.7
628 silly placeDep ROOT qs@6.15.3 OK for: express@4.22.2 want: ~6.15.1
629 silly placeDep ROOT range-parser@1.2.1 OK for: express@4.22.2 want: ~1.2.1
630 silly placeDep ROOT safe-buffer@5.2.1 OK for: express@4.22.2 want: 5.2.1
631 silly placeDep ROOT send@0.19.2 OK for: express@4.22.2 want: ~0.19.0
632 silly placeDep ROOT serve-static@1.16.3 OK for: express@4.22.2 want: ~1.16.2
633 silly placeDep ROOT setprototypeof@1.2.0 OK for: express@4.22.2 want: 1.2.0
634 silly placeDep ROOT statuses@2.0.2 OK for: express@4.22.2 want: ~2.0.1
635 silly placeDep ROOT type-is@1.6.18 OK for: express@4.22.2 want: ~1.6.18
636 silly placeDep ROOT utils-merge@1.0.1 OK for: express@4.22.2 want: 1.0.1
637 silly placeDep ROOT vary@1.1.2 OK for: express@4.22.2 want: ~1.1.2
638 silly fetch manifest mime-types@~2.1.34
639 silly packumentCache full:https://registry.npmjs.org/mime-types cache-miss
640 http fetch GET 200 https://registry.npmjs.org/mime-types 4ms (cache hit)
641 silly packumentCache full:https://registry.npmjs.org/mime-types set size:139110 disposed:false
642 silly fetch manifest negotiator@0.6.3
643 silly packumentCache full:https://registry.npmjs.org/negotiator cache-miss
644 http fetch GET 200 https://registry.npmjs.org/negotiator 28ms (cache miss)
645 silly packumentCache full:https://registry.npmjs.org/negotiator set size:undefined disposed:false
646 silly fetch manifest bytes@~3.1.2
647 silly packumentCache full:https://registry.npmjs.org/bytes cache-miss
648 http fetch GET 200 https://registry.npmjs.org/bytes 26ms (cache miss)
649 silly packumentCache full:https://registry.npmjs.org/bytes set size:undefined disposed:false
650 silly fetch manifest unpipe@~1.0.0
651 silly packumentCache full:https://registry.npmjs.org/unpipe cache-miss
652 http fetch GET 200 https://registry.npmjs.org/unpipe 26ms (cache miss)
653 silly packumentCache full:https://registry.npmjs.org/unpipe set size:undefined disposed:false
654 silly fetch manifest destroy@~1.2.0
655 silly packumentCache full:https://registry.npmjs.org/destroy cache-miss
656 http fetch GET 200 https://registry.npmjs.org/destroy 23ms (cache miss)
657 silly packumentCache full:https://registry.npmjs.org/destroy set size:undefined disposed:false
658 silly fetch manifest raw-body@~2.5.3
659 silly packumentCache full:https://registry.npmjs.org/raw-body cache-miss
660 http fetch GET 200 https://registry.npmjs.org/raw-body 32ms (cache miss)
661 silly packumentCache full:https://registry.npmjs.org/raw-body set size:undefined disposed:false
662 silly fetch manifest iconv-lite@~0.4.24
663 silly packumentCache full:https://registry.npmjs.org/iconv-lite cache-miss
664 http fetch GET 200 https://registry.npmjs.org/iconv-lite 24ms (cache miss)
665 silly packumentCache full:https://registry.npmjs.org/iconv-lite set size:undefined disposed:false
666 silly fetch manifest http-errors@~2.0.1
667 silly packumentCache full:https://registry.npmjs.org/http-errors cache-miss
668 http fetch GET 200 https://registry.npmjs.org/http-errors 7ms (cache hit)
669 silly packumentCache full:https://registry.npmjs.org/http-errors set size:71987 disposed:false
670 silly fetch manifest content-type@~1.0.5
671 silly packumentCache full:https://registry.npmjs.org/content-type cache-hit
672 silly fetch manifest ms@2.0.0
673 silly packumentCache full:https://registry.npmjs.org/ms cache-miss
674 http fetch GET 200 https://registry.npmjs.org/ms 29ms (cache miss)
675 silly packumentCache full:https://registry.npmjs.org/ms set size:undefined disposed:false
676 silly fetch manifest statuses@~2.0.2
677 silly packumentCache full:https://registry.npmjs.org/statuses cache-miss
678 http fetch GET 200 https://registry.npmjs.org/statuses 3ms (cache hit)
679 silly packumentCache full:https://registry.npmjs.org/statuses set size:37117 disposed:false
680 silly fetch manifest inherits@~2.0.4
681 silly packumentCache full:https://registry.npmjs.org/inherits cache-miss
682 http fetch GET 200 https://registry.npmjs.org/inherits 22ms (cache miss)
683 silly packumentCache full:https://registry.npmjs.org/inherits set size:undefined disposed:false
684 silly fetch manifest setprototypeof@~1.2.0
685 silly packumentCache full:https://registry.npmjs.org/setprototypeof cache-miss
686 http fetch GET 200 https://registry.npmjs.org/setprototypeof 27ms (cache hit)
687 silly packumentCache full:https://registry.npmjs.org/setprototypeof set size:14532 disposed:false
688 silly fetch manifest toidentifier@~1.0.1
689 silly packumentCache full:https://registry.npmjs.org/toidentifier cache-miss
690 http fetch GET 200 https://registry.npmjs.org/toidentifier 27ms (cache miss)
691 silly packumentCache full:https://registry.npmjs.org/toidentifier set size:undefined disposed:false
692 silly fetch manifest ee-first@1.1.1
693 silly packumentCache full:https://registry.npmjs.org/ee-first cache-miss
694 http fetch GET 200 https://registry.npmjs.org/ee-first 24ms (cache miss)
695 silly packumentCache full:https://registry.npmjs.org/ee-first set size:undefined disposed:false
696 silly fetch manifest forwarded@0.2.0
697 silly packumentCache full:https://registry.npmjs.org/forwarded cache-miss
698 http fetch GET 200 https://registry.npmjs.org/forwarded 25ms (cache miss)
699 silly packumentCache full:https://registry.npmjs.org/forwarded set size:undefined disposed:false
700 silly fetch manifest ipaddr.js@1.9.1
701 silly packumentCache full:https://registry.npmjs.org/ipaddr.js cache-miss
702 http fetch GET 200 https://registry.npmjs.org/ipaddr.js 24ms (cache miss)
703 silly packumentCache full:https://registry.npmjs.org/ipaddr.js set size:undefined disposed:false
704 silly fetch manifest side-channel@^1.1.1
705 silly packumentCache full:https://registry.npmjs.org/side-channel cache-miss
706 http fetch GET 200 https://registry.npmjs.org/side-channel 29ms (cache miss)
707 silly packumentCache full:https://registry.npmjs.org/side-channel set size:undefined disposed:false
708 silly fetch manifest es-define-property@^1.0.1
709 silly packumentCache full:https://registry.npmjs.org/es-define-property cache-miss
710 http fetch GET 200 https://registry.npmjs.org/es-define-property 22ms (cache miss)
711 silly packumentCache full:https://registry.npmjs.org/es-define-property set size:undefined disposed:false
712 silly fetch manifest ms@2.1.3
713 silly packumentCache full:https://registry.npmjs.org/ms cache-miss
714 http fetch GET 200 https://registry.npmjs.org/ms 4ms (cache hit)
715 silly packumentCache full:https://registry.npmjs.org/ms set size:92208 disposed:false
716 silly fetch manifest mime@1.6.0
717 silly packumentCache full:https://registry.npmjs.org/mime cache-miss
718 http fetch GET 200 https://registry.npmjs.org/mime 33ms (cache miss)
719 silly packumentCache full:https://registry.npmjs.org/mime set size:undefined disposed:false
720 silly fetch manifest destroy@1.2.0
721 silly packumentCache full:https://registry.npmjs.org/destroy cache-miss
722 http fetch GET 200 https://registry.npmjs.org/destroy 2ms (cache hit)
723 silly packumentCache full:https://registry.npmjs.org/destroy set size:15738 disposed:false
724 silly fetch manifest mime-types@~2.1.24
725 silly packumentCache full:https://registry.npmjs.org/mime-types cache-hit
726 silly fetch manifest media-typer@0.3.0
727 silly packumentCache full:https://registry.npmjs.org/media-typer cache-miss
728 http fetch GET 200 https://registry.npmjs.org/media-typer 5ms (cache hit)
729 silly packumentCache full:https://registry.npmjs.org/media-typer set size:22074 disposed:false
730 silly placeDep ROOT mime-types@2.1.35 OK for: accepts@1.3.8 want: ~2.1.34
731 silly placeDep ROOT negotiator@0.6.3 OK for: accepts@1.3.8 want: 0.6.3
732 silly fetch manifest mime-db@1.52.0
733 silly packumentCache full:https://registry.npmjs.org/mime-db cache-miss
734 http fetch GET 200 https://registry.npmjs.org/mime-db 29ms (cache miss)
735 silly packumentCache full:https://registry.npmjs.org/mime-db set size:undefined disposed:false
736 silly placeDep ROOT bytes@3.1.2 OK for: body-parser@1.20.6 want: ~3.1.2
737 silly placeDep ROOT destroy@1.2.0 OK for: body-parser@1.20.6 want: ~1.2.0
738 silly placeDep ROOT iconv-lite@0.4.24 OK for: body-parser@1.20.6 want: ~0.4.24
739 silly placeDep ROOT raw-body@2.5.3 OK for: body-parser@1.20.6 want: ~2.5.3
740 silly placeDep ROOT unpipe@1.0.0 OK for: body-parser@1.20.6 want: ~1.0.0
741 silly fetch manifest safer-buffer@>= 2.1.2 < 3
742 silly packumentCache full:https://registry.npmjs.org/safer-buffer cache-miss
743 http fetch GET 200 https://registry.npmjs.org/safer-buffer 25ms (cache miss)
744 silly packumentCache full:https://registry.npmjs.org/safer-buffer set size:undefined disposed:false
745 silly placeDep ROOT ms@2.0.0 OK for: debug@2.6.9 want: 2.0.0
746 silly placeDep ROOT asynckit@0.4.0 OK for: form-data@4.0.6 want: ^0.4.0
747 silly placeDep ROOT combined-stream@1.0.8 OK for: form-data@4.0.6 want: ^1.0.8
748 silly placeDep ROOT es-set-tostringtag@2.1.0 OK for: form-data@4.0.6 want: ^2.1.0
749 silly placeDep ROOT hasown@2.0.4 OK for: form-data@4.0.6 want: ^2.0.4
750 silly fetch manifest delayed-stream@~1.0.0
751 silly packumentCache full:https://registry.npmjs.org/delayed-stream cache-miss
752 http fetch GET 200 https://registry.npmjs.org/delayed-stream 49ms (cache miss)
753 silly packumentCache full:https://registry.npmjs.org/delayed-stream set size:undefined disposed:false
754 silly fetch manifest es-errors@^1.3.0
755 silly packumentCache full:https://registry.npmjs.org/es-errors cache-miss
756 http fetch GET 200 https://registry.npmjs.org/es-errors 26ms (cache miss)
757 silly packumentCache full:https://registry.npmjs.org/es-errors set size:undefined disposed:false
758 silly fetch manifest get-intrinsic@^1.2.6
759 silly packumentCache full:https://registry.npmjs.org/get-intrinsic cache-miss
760 http fetch GET 200 https://registry.npmjs.org/get-intrinsic 22ms (cache miss)
761 silly packumentCache full:https://registry.npmjs.org/get-intrinsic set size:undefined disposed:false
762 silly fetch manifest has-tostringtag@^1.0.2
763 silly packumentCache full:https://registry.npmjs.org/has-tostringtag cache-miss
764 http fetch GET 200 https://registry.npmjs.org/has-tostringtag 27ms (cache miss)
765 silly packumentCache full:https://registry.npmjs.org/has-tostringtag set size:undefined disposed:false
766 silly fetch manifest hasown@^2.0.2
767 silly packumentCache full:https://registry.npmjs.org/hasown cache-miss
768 http fetch GET 200 https://registry.npmjs.org/hasown 3ms (cache hit)
769 silly packumentCache full:https://registry.npmjs.org/hasown set size:18361 disposed:false
770 silly fetch manifest function-bind@^1.1.2
771 silly packumentCache full:https://registry.npmjs.org/function-bind cache-miss
772 http fetch GET 200 https://registry.npmjs.org/function-bind 24ms (cache miss)
773 silly packumentCache full:https://registry.npmjs.org/function-bind set size:undefined disposed:false
774 silly placeDep ROOT delayed-stream@1.0.0 OK for: combined-stream@1.0.8 want: ~1.0.0
775 silly placeDep ROOT es-errors@1.3.0 OK for: es-set-tostringtag@2.1.0 want: ^1.3.0
776 silly placeDep ROOT get-intrinsic@1.3.0 OK for: es-set-tostringtag@2.1.0 want: ^1.2.6
777 silly placeDep ROOT has-tostringtag@1.0.2 OK for: es-set-tostringtag@2.1.0 want: ^1.0.2
778 silly fetch manifest gopd@^1.2.0
779 silly packumentCache full:https://registry.npmjs.org/gopd cache-miss
780 http fetch GET 200 https://registry.npmjs.org/gopd 28ms (cache miss)
781 silly packumentCache full:https://registry.npmjs.org/gopd set size:undefined disposed:false
782 silly fetch manifest get-proto@^1.0.1
783 silly packumentCache full:https://registry.npmjs.org/get-proto cache-miss
784 http fetch GET 200 https://registry.npmjs.org/get-proto 21ms (cache miss)
785 silly packumentCache full:https://registry.npmjs.org/get-proto set size:undefined disposed:false
786 silly fetch manifest has-symbols@^1.1.0
787 silly packumentCache full:https://registry.npmjs.org/has-symbols cache-miss
788 http fetch GET 200 https://registry.npmjs.org/has-symbols 25ms (cache miss)
789 silly packumentCache full:https://registry.npmjs.org/has-symbols set size:undefined disposed:false
790 silly fetch manifest es-object-atoms@^1.1.1
791 silly packumentCache full:https://registry.npmjs.org/es-object-atoms cache-miss
792 http fetch GET 200 https://registry.npmjs.org/es-object-atoms 22ms (cache miss)
793 silly packumentCache full:https://registry.npmjs.org/es-object-atoms set size:undefined disposed:false
794 silly fetch manifest math-intrinsics@^1.1.0
795 silly packumentCache full:https://registry.npmjs.org/math-intrinsics cache-miss
796 http fetch GET 200 https://registry.npmjs.org/math-intrinsics 27ms (cache miss)
797 silly packumentCache full:https://registry.npmjs.org/math-intrinsics set size:undefined disposed:false
798 silly fetch manifest call-bind-apply-helpers@^1.0.2
799 silly packumentCache full:https://registry.npmjs.org/call-bind-apply-helpers cache-miss
800 http fetch GET 200 https://registry.npmjs.org/call-bind-apply-helpers 21ms (cache miss)
801 silly packumentCache full:https://registry.npmjs.org/call-bind-apply-helpers set size:undefined disposed:false
802 silly fetch manifest has-symbols@^1.0.3
803 silly packumentCache full:https://registry.npmjs.org/has-symbols cache-miss
804 http fetch GET 200 https://registry.npmjs.org/has-symbols 3ms (cache hit)
805 silly packumentCache full:https://registry.npmjs.org/has-symbols set size:21550 disposed:false
806 silly placeDep ROOT call-bind-apply-helpers@1.0.2 OK for: get-intrinsic@1.3.0 want: ^1.0.2
807 silly placeDep ROOT es-define-property@1.0.1 OK for: get-intrinsic@1.3.0 want: ^1.0.1
808 silly placeDep ROOT es-object-atoms@1.1.2 OK for: get-intrinsic@1.3.0 want: ^1.1.1
809 silly placeDep ROOT function-bind@1.1.2 OK for: get-intrinsic@1.3.0 want: ^1.1.2
810 silly placeDep ROOT get-proto@1.0.1 OK for: get-intrinsic@1.3.0 want: ^1.0.1
811 silly placeDep ROOT gopd@1.2.0 OK for: get-intrinsic@1.3.0 want: ^1.2.0
812 silly placeDep ROOT has-symbols@1.1.0 OK for: get-intrinsic@1.3.0 want: ^1.1.0
813 silly placeDep ROOT math-intrinsics@1.1.0 OK for: get-intrinsic@1.3.0 want: ^1.1.0
814 silly fetch manifest dunder-proto@^1.0.1
815 silly packumentCache full:https://registry.npmjs.org/dunder-proto cache-miss
816 http fetch GET 200 https://registry.npmjs.org/dunder-proto 25ms (cache miss)
817 silly packumentCache full:https://registry.npmjs.org/dunder-proto set size:undefined disposed:false
818 silly placeDep ROOT dunder-proto@1.0.1 OK for: get-proto@1.0.1 want: ^1.0.1
819 silly placeDep ROOT inherits@2.0.4 OK for: http-errors@2.0.1 want: ~2.0.4
820 silly placeDep ROOT toidentifier@1.0.1 OK for: http-errors@2.0.1 want: ~1.0.1
821 silly placeDep ROOT agent-base@6.0.2 OK for: https-proxy-agent@5.0.1 want: 6
822 silly placeDep node_modules/https-proxy-agent debug@4.4.3 OK for: https-proxy-agent@5.0.1 want: 4
823 silly fetch manifest ms@^2.1.3
824 silly packumentCache full:https://registry.npmjs.org/ms cache-hit
825 silly placeDep node_modules/agent-base debug@4.4.3 OK for: agent-base@6.0.2 want: 4
826 silly placeDep ROOT safer-buffer@2.1.2 OK for: iconv-lite@0.4.24 want: >= 2.1.2 < 3
827 silly placeDep ROOT @keyv/serialize@1.1.1 OK for: keyv@5.6.0 want: ^1.1.1
828 silly placeDep ROOT curve25519-js@0.0.4 OK for: libsignal@6.0.0 want: ^0.0.4
829 silly placeDep ROOT mime-db@1.52.0 OK for: mime-types@2.1.35 want: 1.52.0
830 silly placeDep ROOT @borewit/text-codec@0.2.2 OK for: music-metadata@11.14.0 want: ^0.2.2
831 silly placeDep ROOT @tokenizer/token@0.3.0 OK for: music-metadata@11.14.0 want: ^0.3.0
832 silly placeDep node_modules/music-metadata content-type@2.1.0 OK for: music-metadata@11.14.0 want: ^2.0.0
833 silly placeDep node_modules/music-metadata debug@4.4.3 OK for: music-metadata@11.14.0 want: ^4.4.3
834 silly placeDep ROOT file-type@21.3.4 OK for: music-metadata@11.14.0 want: ^21.3.4
835 silly placeDep ROOT media-typer@2.0.0 OK for: music-metadata@11.14.0 want: ^2.0.0
836 silly placeDep ROOT strtok3@10.3.5 OK for: music-metadata@11.14.0 want: ^10.3.5
837 silly placeDep ROOT token-types@6.1.2 OK for: music-metadata@11.14.0 want: ^6.1.2
838 silly placeDep ROOT uint8array-extras@1.5.0 OK for: music-metadata@11.14.0 want: ^1.5.0
839 silly placeDep ROOT win-guid@0.2.1 OK for: music-metadata@11.14.0 want: ^0.2.1
840 silly fetch manifest strtok3@^10.3.4
841 silly packumentCache full:https://registry.npmjs.org/strtok3 cache-miss
842 http fetch GET 200 https://registry.npmjs.org/strtok3 4ms (cache hit)
843 silly packumentCache full:https://registry.npmjs.org/strtok3 set size:412240 disposed:false
844 silly fetch manifest token-types@^6.1.1
845 silly packumentCache full:https://registry.npmjs.org/token-types cache-miss
846 http fetch GET 200 https://registry.npmjs.org/token-types 3ms (cache hit)
847 silly packumentCache full:https://registry.npmjs.org/token-types set size:155133 disposed:false
848 silly fetch manifest uint8array-extras@^1.4.0
849 silly packumentCache full:https://registry.npmjs.org/uint8array-extras cache-miss
850 http fetch GET 200 https://registry.npmjs.org/uint8array-extras 2ms (cache hit)
851 silly packumentCache full:https://registry.npmjs.org/uint8array-extras set size:36606 disposed:false
852 silly fetch manifest @tokenizer/inflate@^0.4.1
853 silly packumentCache full:https://registry.npmjs.org/@tokenizer%2finflate cache-miss
854 http fetch GET 200 https://registry.npmjs.org/@tokenizer%2finflate 38ms (cache miss)
855 silly packumentCache full:https://registry.npmjs.org/@tokenizer%2finflate set size:undefined disposed:false
856 silly fetch manifest ieee754@^1.2.1
857 silly packumentCache full:https://registry.npmjs.org/ieee754 cache-miss
858 http fetch GET 200 https://registry.npmjs.org/ieee754 25ms (cache miss)
859 silly packumentCache full:https://registry.npmjs.org/ieee754 set size:undefined disposed:false
860 silly placeDep ROOT @tokenizer/inflate@0.4.1 OK for: file-type@21.3.4 want: ^0.4.1
861 silly placeDep node_modules/@tokenizer/inflate debug@4.4.3 OK for: @tokenizer/inflate@0.4.1 want: ^4.4.3
862 silly placeDep ROOT ee-first@1.1.1 OK for: on-finished@2.4.1 want: 1.1.1
863 silly placeDep ROOT @pinojs/redact@0.4.0 OK for: pino@9.14.0 want: ^0.4.0
864 silly placeDep ROOT atomic-sleep@1.0.0 OK for: pino@9.14.0 want: ^1.0.0
865 silly placeDep ROOT on-exit-leak-free@2.1.2 OK for: pino@9.14.0 want: ^2.1.0
866 silly placeDep ROOT pino-abstract-transport@2.0.0 OK for: pino@9.14.0 want: ^2.0.0
867 silly placeDep ROOT pino-std-serializers@7.1.0 OK for: pino@9.14.0 want: ^7.0.0
868 silly placeDep ROOT process-warning@5.1.0 OK for: pino@9.14.0 want: ^5.0.0
869 silly placeDep ROOT quick-format-unescaped@4.0.4 OK for: pino@9.14.0 want: ^4.0.3
870 silly placeDep ROOT real-require@0.2.0 OK for: pino@9.14.0 want: ^0.2.0
871 silly placeDep ROOT safe-stable-stringify@2.5.0 OK for: pino@9.14.0 want: ^2.3.1
872 silly placeDep ROOT sonic-boom@4.2.1 OK for: pino@9.14.0 want: ^4.0.1
873 silly placeDep ROOT thread-stream@3.2.0 OK for: pino@9.14.0 want: ^3.0.0
874 silly fetch manifest split2@^4.0.0
875 silly packumentCache full:https://registry.npmjs.org/split2 cache-miss
876 http fetch GET 200 https://registry.npmjs.org/split2 24ms (cache miss)
877 silly packumentCache full:https://registry.npmjs.org/split2 set size:undefined disposed:false
878 silly placeDep ROOT split2@4.2.0 OK for: pino-abstract-transport@2.0.0 want: ^4.0.0
879 silly placeDep ROOT @protobufjs/aspromise@1.1.2 OK for: protobufjs@7.6.5 want: ^1.1.2
880 silly placeDep ROOT @protobufjs/base64@1.1.2 OK for: protobufjs@7.6.5 want: ^1.1.2
881 silly placeDep ROOT @protobufjs/codegen@2.0.5 OK for: protobufjs@7.6.5 want: ^2.0.5
882 silly placeDep ROOT @protobufjs/eventemitter@1.1.1 OK for: protobufjs@7.6.5 want: ^1.1.1
883 silly placeDep ROOT @protobufjs/fetch@1.1.1 OK for: protobufjs@7.6.5 want: ^1.1.1
884 silly placeDep ROOT @protobufjs/float@1.0.2 OK for: protobufjs@7.6.5 want: ^1.0.2
885 silly placeDep ROOT @protobufjs/path@1.1.2 OK for: protobufjs@7.6.5 want: ^1.1.2
886 silly placeDep ROOT @protobufjs/pool@1.1.0 OK for: protobufjs@7.6.5 want: ^1.1.0
887 silly placeDep ROOT @protobufjs/utf8@1.1.2 OK for: protobufjs@7.6.5 want: ^1.1.1
888 silly placeDep ROOT @types/node@26.2.0 OK for: protobufjs@7.6.5 want: >=13.7.0
889 silly placeDep ROOT long@5.3.2 OK for: protobufjs@7.6.5 want: ^5.3.2
890 silly fetch manifest undici-types@~8.3.0
891 silly packumentCache full:https://registry.npmjs.org/undici-types cache-miss
892 http fetch GET 200 https://registry.npmjs.org/undici-types 33ms (cache miss)
893 silly packumentCache full:https://registry.npmjs.org/undici-types set size:undefined disposed:false
894 silly placeDep ROOT undici-types@8.3.0 OK for: @types/node@26.2.0 want: ~8.3.0
895 silly placeDep ROOT forwarded@0.2.0 OK for: proxy-addr@2.0.7 want: 0.2.0
896 silly placeDep ROOT ipaddr.js@1.9.1 OK for: proxy-addr@2.0.7 want: 1.9.1
897 silly placeDep node_modules/qified hookified@2.2.0 OK for: qified@0.10.1 want: ^2.1.1
898 silly placeDep ROOT dijkstrajs@1.0.3 OK for: qrcode@1.5.4 want: ^1.0.1
899 silly placeDep ROOT pngjs@5.0.0 OK for: qrcode@1.5.4 want: ^5.0.0
900 silly placeDep ROOT yargs@15.4.1 OK for: qrcode@1.5.4 want: ^15.3.1
901 silly fetch manifest y18n@^4.0.0
902 silly packumentCache full:https://registry.npmjs.org/y18n cache-miss
903 http fetch GET 200 https://registry.npmjs.org/y18n 27ms (cache miss)
904 silly packumentCache full:https://registry.npmjs.org/y18n set size:undefined disposed:false
905 silly fetch manifest cliui@^6.0.0
906 silly packumentCache full:https://registry.npmjs.org/cliui cache-miss
907 http fetch GET 200 https://registry.npmjs.org/cliui 31ms (cache miss)
908 silly packumentCache full:https://registry.npmjs.org/cliui set size:undefined disposed:false
909 silly fetch manifest find-up@^4.1.0
910 silly packumentCache full:https://registry.npmjs.org/find-up cache-miss
911 http fetch GET 200 https://registry.npmjs.org/find-up 23ms (cache miss)
912 silly packumentCache full:https://registry.npmjs.org/find-up set size:undefined disposed:false
913 silly fetch manifest decamelize@^1.2.0
914 silly packumentCache full:https://registry.npmjs.org/decamelize cache-miss
915 http fetch GET 200 https://registry.npmjs.org/decamelize 26ms (cache miss)
916 silly packumentCache full:https://registry.npmjs.org/decamelize set size:undefined disposed:false
917 silly fetch manifest set-blocking@^2.0.0
918 silly packumentCache full:https://registry.npmjs.org/set-blocking cache-miss
919 http fetch GET 200 https://registry.npmjs.org/set-blocking 23ms (cache miss)
920 silly packumentCache full:https://registry.npmjs.org/set-blocking set size:undefined disposed:false
921 silly fetch manifest string-width@^4.2.0
922 silly packumentCache full:https://registry.npmjs.org/string-width cache-miss
923 http fetch GET 200 https://registry.npmjs.org/string-width 32ms (cache miss)
924 silly packumentCache full:https://registry.npmjs.org/string-width set size:undefined disposed:false
925 silly fetch manifest which-module@^2.0.0
926 silly packumentCache full:https://registry.npmjs.org/which-module cache-miss
927 http fetch GET 200 https://registry.npmjs.org/which-module 22ms (cache miss)
928 silly packumentCache full:https://registry.npmjs.org/which-module set size:undefined disposed:false
929 silly fetch manifest yargs-parser@^18.1.2
930 silly packumentCache full:https://registry.npmjs.org/yargs-parser cache-miss
931 http fetch GET 200 https://registry.npmjs.org/yargs-parser 34ms (cache miss)
932 silly packumentCache full:https://registry.npmjs.org/yargs-parser set size:undefined disposed:false
933 silly fetch manifest get-caller-file@^2.0.1
934 silly packumentCache full:https://registry.npmjs.org/get-caller-file cache-miss
935 http fetch GET 200 https://registry.npmjs.org/get-caller-file 42ms (cache miss)
936 silly packumentCache full:https://registry.npmjs.org/get-caller-file set size:undefined disposed:false
937 silly fetch manifest require-directory@^2.1.1
938 silly packumentCache full:https://registry.npmjs.org/require-directory cache-miss
939 http fetch GET 200 https://registry.npmjs.org/require-directory 28ms (cache miss)
940 silly packumentCache full:https://registry.npmjs.org/require-directory set size:undefined disposed:false
941 silly fetch manifest require-main-filename@^2.0.0
942 silly packumentCache full:https://registry.npmjs.org/require-main-filename cache-miss
943 http fetch GET 200 https://registry.npmjs.org/require-main-filename 22ms (cache miss)
944 silly packumentCache full:https://registry.npmjs.org/require-main-filename set size:undefined disposed:false
945 silly placeDep ROOT side-channel@1.1.1 OK for: qs@6.15.3 want: ^1.1.1
946 silly fetch manifest object-inspect@^1.13.4
947 silly packumentCache full:https://registry.npmjs.org/object-inspect cache-miss
948 http fetch GET 200 https://registry.npmjs.org/object-inspect 30ms (cache miss)
949 silly packumentCache full:https://registry.npmjs.org/object-inspect set size:undefined disposed:false
950 silly fetch manifest side-channel-list@^1.0.1
951 silly packumentCache full:https://registry.npmjs.org/side-channel-list cache-miss
952 http fetch GET 200 https://registry.npmjs.org/side-channel-list 23ms (cache miss)
953 silly packumentCache full:https://registry.npmjs.org/side-channel-list set size:undefined disposed:false
954 silly fetch manifest side-channel-map@^1.0.1
955 silly packumentCache full:https://registry.npmjs.org/side-channel-map cache-miss
956 http fetch GET 200 https://registry.npmjs.org/side-channel-map 26ms (cache miss)
957 silly packumentCache full:https://registry.npmjs.org/side-channel-map set size:undefined disposed:false
958 silly fetch manifest side-channel-weakmap@^1.0.2
959 silly packumentCache full:https://registry.npmjs.org/side-channel-weakmap cache-miss
960 http fetch GET 200 https://registry.npmjs.org/side-channel-weakmap 21ms (cache miss)
961 silly packumentCache full:https://registry.npmjs.org/side-channel-weakmap set size:undefined disposed:false
962 silly placeDep ROOT mime@1.6.0 OK for: send@0.19.2 want: 1.6.0
963 silly placeDep node_modules/send ms@2.1.3 OK for: send@0.19.2 want: 2.1.3
964 silly placeDep ROOT @img/colour@1.1.0 OK for: sharp@0.35.3 want: ^1.1.0
965 silly placeDep ROOT @img/sharp-darwin-arm64@0.35.3 OK for: sharp@0.35.3 want: 0.35.3
966 silly placeDep ROOT @img/sharp-darwin-x64@0.35.3 OK for: sharp@0.35.3 want: 0.35.3
967 silly placeDep ROOT @img/sharp-freebsd-wasm32@0.35.3 OK for: sharp@0.35.3 want: 0.35.3
968 silly placeDep ROOT @img/sharp-libvips-darwin-arm64@1.3.2 OK for: sharp@0.35.3 want: 1.3.2
969 silly placeDep ROOT @img/sharp-libvips-darwin-x64@1.3.2 OK for: sharp@0.35.3 want: 1.3.2
970 silly placeDep ROOT @img/sharp-libvips-linux-arm@1.3.2 OK for: sharp@0.35.3 want: 1.3.2
971 silly placeDep ROOT @img/sharp-libvips-linux-arm64@1.3.2 OK for: sharp@0.35.3 want: 1.3.2
972 silly placeDep ROOT @img/sharp-libvips-linux-ppc64@1.3.2 OK for: sharp@0.35.3 want: 1.3.2
973 silly placeDep ROOT @img/sharp-libvips-linux-riscv64@1.3.2 OK for: sharp@0.35.3 want: 1.3.2
974 silly placeDep ROOT @img/sharp-libvips-linux-s390x@1.3.2 OK for: sharp@0.35.3 want: 1.3.2
975 silly placeDep ROOT @img/sharp-libvips-linux-x64@1.3.2 OK for: sharp@0.35.3 want: 1.3.2
976 silly placeDep ROOT @img/sharp-libvips-linuxmusl-arm64@1.3.2 OK for: sharp@0.35.3 want: 1.3.2
977 silly placeDep ROOT @img/sharp-libvips-linuxmusl-x64@1.3.2 OK for: sharp@0.35.3 want: 1.3.2
978 silly placeDep ROOT @img/sharp-linux-arm@0.35.3 OK for: sharp@0.35.3 want: 0.35.3
979 silly placeDep ROOT @img/sharp-linux-arm64@0.35.3 OK for: sharp@0.35.3 want: 0.35.3
980 silly placeDep ROOT @img/sharp-linux-ppc64@0.35.3 OK for: sharp@0.35.3 want: 0.35.3
981 silly placeDep ROOT @img/sharp-linux-riscv64@0.35.3 OK for: sharp@0.35.3 want: 0.35.3
982 silly placeDep ROOT @img/sharp-linux-s390x@0.35.3 OK for: sharp@0.35.3 want: 0.35.3
983 silly placeDep ROOT @img/sharp-linux-x64@0.35.3 OK for: sharp@0.35.3 want: 0.35.3
984 silly placeDep ROOT @img/sharp-linuxmusl-arm64@0.35.3 OK for: sharp@0.35.3 want: 0.35.3
985 silly placeDep ROOT @img/sharp-linuxmusl-x64@0.35.3 OK for: sharp@0.35.3 want: 0.35.3
986 silly placeDep ROOT @img/sharp-webcontainers-wasm32@0.35.3 OK for: sharp@0.35.3 want: 0.35.3
987 silly placeDep ROOT @img/sharp-win32-arm64@0.35.3 OK for: sharp@0.35.3 want: 0.35.3
988 silly placeDep ROOT @img/sharp-win32-ia32@0.35.3 OK for: sharp@0.35.3 want: 0.35.3
989 silly placeDep ROOT @img/sharp-win32-x64@0.35.3 OK for: sharp@0.35.3 want: 0.35.3
990 silly placeDep ROOT detect-libc@2.1.2 OK for: sharp@0.35.3 want: ^2.1.2
991 silly placeDep ROOT semver@7.8.5 OK for: sharp@0.35.3 want: ^7.8.5
992 silly fetch manifest @img/sharp-wasm32@0.35.3
993 silly packumentCache full:https://registry.npmjs.org/@img%2fsharp-wasm32 cache-miss
994 http fetch GET 200 https://registry.npmjs.org/@img%2fsharp-wasm32 42ms (cache miss)
995 silly packumentCache full:https://registry.npmjs.org/@img%2fsharp-wasm32 set size:undefined disposed:false
996 silly placeDep ROOT @img/sharp-wasm32@0.35.3 OK for: @img/sharp-freebsd-wasm32@0.35.3 want: 0.35.3
997 silly fetch manifest @emnapi/runtime@^1.11.1
998 silly packumentCache full:https://registry.npmjs.org/@emnapi%2fruntime cache-miss
999 http fetch GET 200 https://registry.npmjs.org/@emnapi%2fruntime 37ms (cache miss)
1000 silly packumentCache full:https://registry.npmjs.org/@emnapi%2fruntime set size:undefined disposed:false
1001 silly placeDep ROOT @emnapi/runtime@1.11.3 OK for: @img/sharp-wasm32@0.35.3 want: ^1.11.1
1002 silly placeDep ROOT object-inspect@1.13.4 OK for: side-channel@1.1.1 want: ^1.13.4
1003 silly placeDep ROOT side-channel-list@1.0.1 OK for: side-channel@1.1.1 want: ^1.0.1
1004 silly placeDep ROOT side-channel-map@1.0.1 OK for: side-channel@1.1.1 want: ^1.0.1
1005 silly placeDep ROOT side-channel-weakmap@1.0.2 OK for: side-channel@1.1.1 want: ^1.0.2
1006 silly fetch manifest call-bound@^1.0.2
1007 silly packumentCache full:https://registry.npmjs.org/call-bound cache-miss
1008 http fetch GET 200 https://registry.npmjs.org/call-bound 28ms (cache miss)
1009 silly packumentCache full:https://registry.npmjs.org/call-bound set size:undefined disposed:false
1010 silly placeDep ROOT call-bound@1.0.4 OK for: side-channel-map@1.0.1 want: ^1.0.2
1011 silly placeDep ROOT ieee754@1.2.1 OK for: token-types@6.1.2 want: ^1.2.1
1012 silly placeDep node_modules/type-is media-typer@0.3.0 OK for: type-is@1.6.18 want: 0.3.0
1013 silly placeDep ROOT cliui@6.0.0 OK for: yargs@15.4.1 want: ^6.0.0
1014 silly placeDep ROOT decamelize@1.2.0 OK for: yargs@15.4.1 want: ^1.2.0
1015 silly placeDep ROOT find-up@4.1.0 OK for: yargs@15.4.1 want: ^4.1.0
1016 silly placeDep ROOT get-caller-file@2.0.5 OK for: yargs@15.4.1 want: ^2.0.1
1017 silly placeDep ROOT require-directory@2.1.1 OK for: yargs@15.4.1 want: ^2.1.1
1018 silly placeDep ROOT require-main-filename@2.0.0 OK for: yargs@15.4.1 want: ^2.0.0
1019 silly placeDep ROOT set-blocking@2.0.0 OK for: yargs@15.4.1 want: ^2.0.0
1020 silly placeDep ROOT string-width@4.2.3 OK for: yargs@15.4.1 want: ^4.2.0
1021 silly placeDep ROOT which-module@2.0.1 OK for: yargs@15.4.1 want: ^2.0.0
1022 silly placeDep ROOT y18n@4.0.3 OK for: yargs@15.4.1 want: ^4.0.0
1023 silly placeDep ROOT yargs-parser@18.1.3 OK for: yargs@15.4.1 want: ^18.1.2
1024 silly fetch manifest wrap-ansi@^6.2.0
1025 silly packumentCache full:https://registry.npmjs.org/wrap-ansi cache-miss
1026 http fetch GET 200 https://registry.npmjs.org/wrap-ansi 23ms (cache miss)
1027 silly packumentCache full:https://registry.npmjs.org/wrap-ansi set size:undefined disposed:false
1028 silly fetch manifest strip-ansi@^6.0.0
1029 silly packumentCache full:https://registry.npmjs.org/strip-ansi cache-miss
1030 http fetch GET 200 https://registry.npmjs.org/strip-ansi 26ms (cache miss)
1031 silly packumentCache full:https://registry.npmjs.org/strip-ansi set size:undefined disposed:false
1032 silly fetch manifest locate-path@^5.0.0
1033 silly packumentCache full:https://registry.npmjs.org/locate-path cache-miss
1034 http fetch GET 200 https://registry.npmjs.org/locate-path 23ms (cache miss)
1035 silly packumentCache full:https://registry.npmjs.org/locate-path set size:undefined disposed:false
1036 silly fetch manifest path-exists@^4.0.0
1037 silly packumentCache full:https://registry.npmjs.org/path-exists cache-miss
1038 http fetch GET 200 https://registry.npmjs.org/path-exists 27ms (cache miss)
1039 silly packumentCache full:https://registry.npmjs.org/path-exists set size:undefined disposed:false
1040 silly fetch manifest strip-ansi@^6.0.1
1041 silly packumentCache full:https://registry.npmjs.org/strip-ansi cache-miss
1042 http fetch GET 200 https://registry.npmjs.org/strip-ansi 6ms (cache hit)
1043 silly packumentCache full:https://registry.npmjs.org/strip-ansi set size:44998 disposed:false
1044 silly fetch manifest emoji-regex@^8.0.0
1045 silly packumentCache full:https://registry.npmjs.org/emoji-regex cache-miss
1046 http fetch GET 200 https://registry.npmjs.org/emoji-regex 25ms (cache miss)
1047 silly packumentCache full:https://registry.npmjs.org/emoji-regex set size:undefined disposed:false
1048 silly fetch manifest is-fullwidth-code-point@^3.0.0
1049 silly packumentCache full:https://registry.npmjs.org/is-fullwidth-code-point cache-miss
1050 http fetch GET 200 https://registry.npmjs.org/is-fullwidth-code-point 24ms (cache miss)
1051 silly packumentCache full:https://registry.npmjs.org/is-fullwidth-code-point set size:undefined disposed:false
1052 silly fetch manifest camelcase@^5.0.0
1053 silly packumentCache full:https://registry.npmjs.org/camelcase cache-miss
1054 http fetch GET 200 https://registry.npmjs.org/camelcase 23ms (cache miss)
1055 silly packumentCache full:https://registry.npmjs.org/camelcase set size:undefined disposed:false
1056 silly placeDep ROOT strip-ansi@6.0.1 OK for: cliui@6.0.0 want: ^6.0.0
1057 silly placeDep ROOT wrap-ansi@6.2.0 OK for: cliui@6.0.0 want: ^6.2.0
1058 silly fetch manifest ansi-regex@^5.0.1
1059 silly packumentCache full:https://registry.npmjs.org/ansi-regex cache-miss
1060 http fetch GET 200 https://registry.npmjs.org/ansi-regex 29ms (cache miss)
1061 silly packumentCache full:https://registry.npmjs.org/ansi-regex set size:undefined disposed:false
1062 silly fetch manifest ansi-styles@^4.0.0
1063 silly packumentCache full:https://registry.npmjs.org/ansi-styles cache-miss
1064 http fetch GET 200 https://registry.npmjs.org/ansi-styles 23ms (cache miss)
1065 silly packumentCache full:https://registry.npmjs.org/ansi-styles set size:undefined disposed:false
1066 silly placeDep ROOT locate-path@5.0.0 OK for: find-up@4.1.0 want: ^5.0.0
1067 silly placeDep ROOT path-exists@4.0.0 OK for: find-up@4.1.0 want: ^4.0.0
1068 silly fetch manifest p-locate@^4.1.0
1069 silly packumentCache full:https://registry.npmjs.org/p-locate cache-miss
1070 http fetch GET 200 https://registry.npmjs.org/p-locate 27ms (cache miss)
1071 silly packumentCache full:https://registry.npmjs.org/p-locate set size:undefined disposed:false
1072 silly placeDep ROOT p-locate@4.1.0 OK for: locate-path@5.0.0 want: ^4.1.0
1073 silly fetch manifest p-limit@^2.2.0
1074 silly packumentCache full:https://registry.npmjs.org/p-limit cache-miss
1075 http fetch GET 200 https://registry.npmjs.org/p-limit 22ms (cache miss)
1076 silly packumentCache full:https://registry.npmjs.org/p-limit set size:undefined disposed:false
1077 silly placeDep ROOT p-limit@2.3.0 OK for: p-locate@4.1.0 want: ^2.2.0
1078 silly fetch manifest p-try@^2.0.0
1079 silly packumentCache full:https://registry.npmjs.org/p-try cache-miss
1080 http fetch GET 200 https://registry.npmjs.org/p-try 32ms (cache miss)
1081 silly packumentCache full:https://registry.npmjs.org/p-try set size:undefined disposed:false
1082 silly placeDep ROOT p-try@2.2.0 OK for: p-limit@2.3.0 want: ^2.0.0
1083 silly placeDep ROOT emoji-regex@8.0.0 OK for: string-width@4.2.3 want: ^8.0.0
1084 silly placeDep ROOT is-fullwidth-code-point@3.0.0 OK for: string-width@4.2.3 want: ^3.0.0
1085 silly placeDep ROOT ansi-regex@5.0.1 OK for: strip-ansi@6.0.1 want: ^5.0.1
1086 silly placeDep ROOT ansi-styles@4.3.0 OK for: wrap-ansi@6.2.0 want: ^4.0.0
1087 silly fetch manifest color-convert@^2.0.1
1088 silly packumentCache full:https://registry.npmjs.org/color-convert cache-miss
1089 http fetch GET 200 https://registry.npmjs.org/color-convert 23ms (cache miss)
1090 silly packumentCache full:https://registry.npmjs.org/color-convert set size:undefined disposed:false
1091 silly placeDep ROOT color-convert@2.0.1 OK for: ansi-styles@4.3.0 want: ^2.0.1
1092 silly fetch manifest color-name@~1.1.4
1093 silly packumentCache full:https://registry.npmjs.org/color-name cache-miss
1094 http fetch GET 200 https://registry.npmjs.org/color-name 26ms (cache miss)
1095 silly packumentCache full:https://registry.npmjs.org/color-name set size:undefined disposed:false
1096 silly placeDep ROOT color-name@1.1.4 OK for: color-convert@2.0.1 want: ~1.1.4
1097 silly placeDep ROOT camelcase@5.3.1 OK for: yargs-parser@18.1.3 want: ^5.0.0
1098 silly placeDep node_modules/@tokenizer/inflate ms@2.1.3 OK for: debug@4.4.3 want: ^2.1.3
1099 silly placeDep node_modules/@whiskeysockets/baileys @hapi/hoek@9.3.0 OK for: @hapi/boom@9.1.4 want: 9.x.x
1100 silly placeDep node_modules/agent-base ms@2.1.3 OK for: debug@4.4.3 want: ^2.1.3
1101 silly placeDep node_modules/https-proxy-agent ms@2.1.3 OK for: debug@4.4.3 want: ^2.1.3
1102 silly placeDep node_modules/music-metadata ms@2.1.3 OK for: debug@4.4.3 want: ^2.1.3
1103 silly reify moves {}
1104 silly audit bulk request {
1104 silly audit   '@hapi/boom': [ '10.0.1', '9.1.4' ],
1104 silly audit   '@whiskeysockets/baileys': [ '6.7.24' ],
1104 silly audit   sharp: [ '0.35.3' ],
1104 silly audit   express: [ '4.22.2' ],
1104 silly audit   pino: [ '9.14.0' ],
1104 silly audit   qrcode: [ '1.5.4' ],
1104 silly audit   '@hapi/hoek': [ '11.0.7', '9.3.0' ],
1104 silly audit   '@cacheable/node-cache': [ '1.7.6' ],
1104 silly audit   'async-mutex': [ '0.5.0' ],
1104 silly audit   axios: [ '1.19.0' ],
1104 silly audit   libsignal: [ '6.0.0' ],
1104 silly audit   'music-metadata': [ '11.14.0' ],
1104 silly audit   protobufjs: [ '7.6.5' ],
1104 silly audit   ws: [ '8.21.3' ],
1104 silly audit   cacheable: [ '2.5.0' ],
1104 silly audit   hookified: [ '1.15.1', '2.2.0' ],
1104 silly audit   keyv: [ '5.6.0' ],
1104 silly audit   tslib: [ '2.8.1' ],
1104 silly audit   'follow-redirects': [ '1.16.0' ],
1104 silly audit   'form-data': [ '4.0.6' ],
1104 silly audit   'https-proxy-agent': [ '5.0.1' ],
1104 silly audit   'proxy-from-env': [ '2.1.0' ],
1104 silly audit   '@cacheable/memory': [ '2.2.0' ],
1104 silly audit   '@cacheable/utils': [ '2.5.0' ],
1104 silly audit   qified: [ '0.10.1' ],
1104 silly audit   '@keyv/bigmap': [ '1.3.1' ],
1104 silly audit   hashery: [ '1.5.1' ],
1104 silly audit   accepts: [ '1.3.8' ],
1104 silly audit   'array-flatten': [ '1.1.1' ],
1104 silly audit   'body-parser': [ '1.20.6' ],
1104 silly audit   'content-disposition': [ '0.5.4' ],
1104 silly audit   'content-type': [ '1.0.5', '2.1.0' ],
1104 silly audit   cookie: [ '0.7.2' ],
1104 silly audit   'cookie-signature': [ '1.0.7' ],
1104 silly audit   debug: [ '2.6.9', '4.4.3' ],
1104 silly audit   depd: [ '2.0.0' ],
1104 silly audit   encodeurl: [ '2.0.0' ],
1104 silly audit   'escape-html': [ '1.0.3' ],
1104 silly audit   etag: [ '1.8.1' ],
1104 silly audit   finalhandler: [ '1.3.2' ],
1104 silly audit   fresh: [ '0.5.2' ],
1104 silly audit   'http-errors': [ '2.0.1' ],
1104 silly audit   'merge-descriptors': [ '1.0.3' ],
1104 silly audit   methods: [ '1.1.2' ],
1104 silly audit   'on-finished': [ '2.4.1' ],
1104 silly audit   parseurl: [ '1.3.3' ],
1104 silly audit   'path-to-regexp': [ '0.1.13' ],
1104 silly audit   'proxy-addr': [ '2.0.7' ],
1104 silly audit   qs: [ '6.15.3' ],
1104 silly audit   'range-parser': [ '1.2.1' ],
1104 silly audit   'safe-buffer': [ '5.2.1' ],
1104 silly audit   send: [ '0.19.2' ],
1104 silly audit   'serve-static': [ '1.16.3' ],
1104 silly audit   setprototypeof: [ '1.2.0' ],
1104 silly audit   statuses: [ '2.0.2' ],
1104 silly audit   'type-is': [ '1.6.18' ],
1104 silly audit   'utils-merge': [ '1.0.1' ],
1104 silly audit   vary: [ '1.1.2' ],
1104 silly audit   'mime-types': [ '2.1.35' ],
1104 silly audit   negotiator: [ '0.6.3' ],
1104 silly audit   bytes: [ '3.1.2' ],
1104 silly audit   destroy: [ '1.2.0' ],
1104 silly audit   'iconv-lite': [ '0.4.24' ],
1104 silly audit   'raw-body': [ '2.5.3' ],
1104 silly audit   unpipe: [ '1.0.0' ],
1104 silly audit   ms: [ '2.0.0', '2.1.3' ],
1104 silly audit   asynckit: [ '0.4.0' ],
1104 silly audit   'combined-stream': [ '1.0.8' ],
1104 silly audit   'es-set-tostringtag': [ '2.1.0' ],
1104 silly audit   hasown: [ '2.0.4' ],
1104 silly audit   'delayed-stream': [ '1.0.0' ],
1104 silly audit   'es-errors': [ '1.3.0' ],
1104 silly audit   'get-intrinsic': [ '1.3.0' ],
1104 silly audit   'has-tostringtag': [ '1.0.2' ],
1104 silly audit   'call-bind-apply-helpers': [ '1.0.2' ],
1104 silly audit   'es-define-property': [ '1.0.1' ],
1104 silly audit   'es-object-atoms': [ '1.1.2' ],
1104 silly audit   'function-bind': [ '1.1.2' ],
1104 silly audit   'get-proto': [ '1.0.1' ],
1104 silly audit   gopd: [ '1.2.0' ],
1104 silly audit   'has-symbols': [ '1.1.0' ],
1104 silly audit   'math-intrinsics': [ '1.1.0' ],
1104 silly audit   'dunder-proto': [ '1.0.1' ],
1104 silly audit   inherits: [ '2.0.4' ],
1104 silly audit   toidentifier: [ '1.0.1' ],
1104 silly audit   'agent-base': [ '6.0.2' ],
1104 silly audit   'safer-buffer': [ '2.1.2' ],
1104 silly audit   '@keyv/serialize': [ '1.1.1' ],
1104 silly audit   'curve25519-js': [ '0.0.4' ],
1104 silly audit   'mime-db': [ '1.52.0' ],
1104 silly audit   '@borewit/text-codec': [ '0.2.2' ],
1104 silly audit   '@tokenizer/token': [ '0.3.0' ],
1104 silly audit   'file-type': [ '21.3.4' ],
1104 silly audit   'media-typer': [ '2.0.0', '0.3.0' ],
1104 silly audit   strtok3: [ '10.3.5' ],
1104 silly audit   'token-types': [ '6.1.2' ],
1104 silly audit   'uint8array-extras': [ '1.5.0' ],
1104 silly audit   'win-guid': [ '0.2.1' ],
1104 silly audit   '@tokenizer/inflate': [ '0.4.1' ],
1104 silly audit   'ee-first': [ '1.1.1' ],
1104 silly audit   '@pinojs/redact': [ '0.4.0' ],
1104 silly audit   'atomic-sleep': [ '1.0.0' ],
1104 silly audit   'on-exit-leak-free': [ '2.1.2' ],
1104 silly audit   'pino-abstract-transport': [ '2.0.0' ],
1104 silly audit   'pino-std-serializers': [ '7.1.0' ],
1104 silly audit   'process-warning': [ '5.1.0' ],
1104 silly audit   'quick-format-unescaped': [ '4.0.4' ],
1104 silly audit   'real-require': [ '0.2.0' ],
1104 silly audit   'safe-stable-stringify': [ '2.5.0' ],
1104 silly audit   'sonic-boom': [ '4.2.1' ],
1104 silly audit   'thread-stream': [ '3.2.0' ],
1104 silly audit   split2: [ '4.2.0' ],
1104 silly audit   '@protobufjs/aspromise': [ '1.1.2' ],
1104 silly audit   '@protobufjs/base64': [ '1.1.2' ],
1104 silly audit   '@protobufjs/codegen': [ '2.0.5' ],
1104 silly audit   '@protobufjs/eventemitter': [ '1.1.1' ],
1104 silly audit   '@protobufjs/fetch': [ '1.1.1' ],
1104 silly audit   '@protobufjs/float': [ '1.0.2' ],
1104 silly audit   '@protobufjs/path': [ '1.1.2' ],
1104 silly audit   '@protobufjs/pool': [ '1.1.0' ],
1104 silly audit   '@protobufjs/utf8': [ '1.1.2' ],
1104 silly audit   '@types/node': [ '26.2.0' ],
1104 silly audit   long: [ '5.3.2' ],
1104 silly audit   'undici-types': [ '8.3.0' ],
1104 silly audit   forwarded: [ '0.2.0' ],
1104 silly audit   'ipaddr.js': [ '1.9.1' ],
1104 silly audit   dijkstrajs: [ '1.0.3' ],
1104 silly audit   pngjs: [ '5.0.0' ],
1104 silly audit   yargs: [ '15.4.1' ],
1104 silly audit   'side-channel': [ '1.1.1' ],
1104 silly audit   mime: [ '1.6.0' ],
1104 silly audit   '@img/colour': [ '1.1.0' ],
1104 silly audit   '@img/sharp-darwin-arm64': [ '0.35.3' ],
1104 silly audit   '@img/sharp-darwin-x64': [ '0.35.3' ],
1104 silly audit   '@img/sharp-freebsd-wasm32': [ '0.35.3' ],
1104 silly audit   '@img/sharp-libvips-darwin-arm64': [ '1.3.2' ],
1104 silly audit   '@img/sharp-libvips-darwin-x64': [ '1.3.2' ],
1104 silly audit   '@img/sharp-libvips-linux-arm': [ '1.3.2' ],
1104 silly audit   '@img/sharp-libvips-linux-arm64': [ '1.3.2' ],
1104 silly audit   '@img/sharp-libvips-linux-ppc64': [ '1.3.2' ],
1104 silly audit   '@img/sharp-libvips-linux-riscv64': [ '1.3.2' ],
1104 silly audit   '@img/sharp-libvips-linux-s390x': [ '1.3.2' ],
1104 silly audit   '@img/sharp-libvips-linux-x64': [ '1.3.2' ],
1104 silly audit   '@img/sharp-libvips-linuxmusl-arm64': [ '1.3.2' ],
1104 silly audit   '@img/sharp-libvips-linuxmusl-x64': [ '1.3.2' ],
1104 silly audit   '@img/sharp-linux-arm': [ '0.35.3' ],
1104 silly audit   '@img/sharp-linux-arm64': [ '0.35.3' ],
1104 silly audit   '@img/sharp-linux-ppc64': [ '0.35.3' ],
1104 silly audit   '@img/sharp-linux-riscv64': [ '0.35.3' ],
1104 silly audit   '@img/sharp-linux-s390x': [ '0.35.3' ],
1104 silly audit   '@img/sharp-linux-x64': [ '0.35.3' ],
1104 silly audit   '@img/sharp-linuxmusl-arm64': [ '0.35.3' ],
1104 silly audit   '@img/sharp-linuxmusl-x64': [ '0.35.3' ],
1104 silly audit   '@img/sharp-webcontainers-wasm32': [ '0.35.3' ],
1104 silly audit   '@img/sharp-win32-arm64': [ '0.35.3' ],
1104 silly audit   '@img/sharp-win32-ia32': [ '0.35.3' ],
1104 silly audit   '@img/sharp-win32-x64': [ '0.35.3' ],
1104 silly audit   'detect-libc': [ '2.1.2' ],
1104 silly audit   semver: [ '7.8.5' ],
1104 silly audit   '@img/sharp-wasm32': [ '0.35.3' ],
1104 silly audit   '@emnapi/runtime': [ '1.11.3' ],
1104 silly audit   'object-inspect': [ '1.13.4' ],
1104 silly audit   'side-channel-list': [ '1.0.1' ],
1104 silly audit   'side-channel-map': [ '1.0.1' ],
1104 silly audit   'side-channel-weakmap': [ '1.0.2' ],
1104 silly audit   'call-bound': [ '1.0.4' ],
1104 silly audit   ieee754: [ '1.2.1' ],
1104 silly audit   cliui: [ '6.0.0' ],
1104 silly audit   decamelize: [ '1.2.0' ],
1104 silly audit   'find-up': [ '4.1.0' ],
1104 silly audit   'get-caller-file': [ '2.0.5' ],
1104 silly audit   'require-directory': [ '2.1.1' ],
1104 silly audit   'require-main-filename': [ '2.0.0' ],
1104 silly audit   'set-blocking': [ '2.0.0' ],
1104 silly audit   'string-width': [ '4.2.3' ],
1104 silly audit   'which-module': [ '2.0.1' ],
1104 silly audit   y18n: [ '4.0.3' ],
1104 silly audit   'yargs-parser': [ '18.1.3' ],
1104 silly audit   'strip-ansi': [ '6.0.1' ],
1104 silly audit   'wrap-ansi': [ '6.2.0' ],
1104 silly audit   'locate-path': [ '5.0.0' ],
1104 silly audit   'path-exists': [ '4.0.0' ],
1104 silly audit   'p-locate': [ '4.1.0' ],
1104 silly audit   'p-limit': [ '2.3.0' ],
1104 silly audit   'p-try': [ '2.2.0' ],
1104 silly audit   'emoji-regex': [ '8.0.0' ],
1104 silly audit   'is-fullwidth-code-point': [ '3.0.0' ],
1104 silly audit   'ansi-regex': [ '5.0.1' ],
1104 silly audit   'ansi-styles': [ '4.3.0' ],
1104 silly audit   'color-convert': [ '2.0.1' ],
1104 silly audit   'color-name': [ '1.1.4' ],
1104 silly audit   camelcase: [ '5.3.1' ]
1104 silly audit }
1105 verbose reify failed optional dependency /home/user/node_modules/@img/sharp-win32-x64
1106 silly reify mark deleted [ '/home/user/node_modules/@img/sharp-win32-x64' ]
1107 verbose reify failed optional dependency /home/user/node_modules/@img/sharp-win32-ia32
1108 silly reify mark deleted [ '/home/user/node_modules/@img/sharp-win32-ia32' ]
1109 verbose reify failed optional dependency /home/user/node_modules/@img/sharp-win32-arm64
1110 silly reify mark deleted [ '/home/user/node_modules/@img/sharp-win32-arm64' ]
1111 verbose reify failed optional dependency /home/user/node_modules/@img/sharp-webcontainers-wasm32
1112 silly reify mark deleted [ '/home/user/node_modules/@img/sharp-webcontainers-wasm32' ]
1113 verbose reify failed optional dependency /home/user/node_modules/@img/sharp-linuxmusl-x64
1114 silly reify mark deleted [ '/home/user/node_modules/@img/sharp-linuxmusl-x64' ]
1115 verbose reify failed optional dependency /home/user/node_modules/@img/sharp-linuxmusl-arm64
1116 silly reify mark deleted [ '/home/user/node_modules/@img/sharp-linuxmusl-arm64' ]
1117 verbose reify failed optional dependency /home/user/node_modules/@img/sharp-linux-s390x
1118 silly reify mark deleted [ '/home/user/node_modules/@img/sharp-linux-s390x' ]
1119 verbose reify failed optional dependency /home/user/node_modules/@img/sharp-linux-riscv64
1120 silly reify mark deleted [ '/home/user/node_modules/@img/sharp-linux-riscv64' ]
1121 verbose reify failed optional dependency /home/user/node_modules/@img/sharp-linux-ppc64
1122 silly reify mark deleted [ '/home/user/node_modules/@img/sharp-linux-ppc64' ]
1123 verbose reify failed optional dependency /home/user/node_modules/@img/sharp-linux-arm64
1124 silly reify mark deleted [ '/home/user/node_modules/@img/sharp-linux-arm64' ]
1125 verbose reify failed optional dependency /home/user/node_modules/@img/sharp-linux-arm
1126 silly reify mark deleted [ '/home/user/node_modules/@img/sharp-linux-arm' ]
1127 verbose reify failed optional dependency /home/user/node_modules/@img/sharp-libvips-linuxmusl-x64
1128 silly reify mark deleted [ '/home/user/node_modules/@img/sharp-libvips-linuxmusl-x64' ]
1129 verbose reify failed optional dependency /home/user/node_modules/@img/sharp-libvips-linuxmusl-arm64
1130 silly reify mark deleted [ '/home/user/node_modules/@img/sharp-libvips-linuxmusl-arm64' ]
1131 verbose reify failed optional dependency /home/user/node_modules/@img/sharp-libvips-linux-s390x
1132 silly reify mark deleted [ '/home/user/node_modules/@img/sharp-libvips-linux-s390x' ]
1133 verbose reify failed optional dependency /home/user/node_modules/@img/sharp-libvips-linux-riscv64
1134 silly reify mark deleted [ '/home/user/node_modules/@img/sharp-libvips-linux-riscv64' ]
1135 verbose reify failed optional dependency /home/user/node_modules/@img/sharp-libvips-linux-ppc64
1136 silly reify mark deleted [ '/home/user/node_modules/@img/sharp-libvips-linux-ppc64' ]
1137 verbose reify failed optional dependency /home/user/node_modules/@img/sharp-libvips-linux-arm64
1138 silly reify mark deleted [ '/home/user/node_modules/@img/sharp-libvips-linux-arm64' ]
1139 verbose reify failed optional dependency /home/user/node_modules/@img/sharp-libvips-linux-arm
1140 silly reify mark deleted [ '/home/user/node_modules/@img/sharp-libvips-linux-arm' ]
1141 verbose reify failed optional dependency /home/user/node_modules/@img/sharp-libvips-darwin-x64
1142 silly reify mark deleted [ '/home/user/node_modules/@img/sharp-libvips-darwin-x64' ]
1143 verbose reify failed optional dependency /home/user/node_modules/@img/sharp-libvips-darwin-arm64
1144 silly reify mark deleted [ '/home/user/node_modules/@img/sharp-libvips-darwin-arm64' ]
1145 verbose reify failed optional dependency /home/user/node_modules/@img/sharp-freebsd-wasm32
1146 silly reify mark deleted [ '/home/user/node_modules/@img/sharp-freebsd-wasm32' ]
1147 verbose reify failed optional dependency /home/user/node_modules/@img/sharp-darwin-x64
1148 silly reify mark deleted [ '/home/user/node_modules/@img/sharp-darwin-x64' ]
1149 verbose reify failed optional dependency /home/user/node_modules/@img/sharp-darwin-arm64
1150 silly reify mark deleted [ '/home/user/node_modules/@img/sharp-darwin-arm64' ]
1151 silly tarball no local data for camelcase@https://registry.npmjs.org/camelcase/-/camelcase-5.3.1.tgz. Extracting by manifest.
1152 silly tarball no local data for color-name@https://registry.npmjs.org/color-name/-/color-name-1.1.4.tgz. Extracting by manifest.
1153 silly tarball no local data for color-convert@https://registry.npmjs.org/color-convert/-/color-convert-2.0.1.tgz. Extracting by manifest.
1154 silly tarball no local data for ansi-styles@https://registry.npmjs.org/ansi-styles/-/ansi-styles-4.3.0.tgz. Extracting by manifest.
1155 silly tarball no local data for ansi-regex@https://registry.npmjs.org/ansi-regex/-/ansi-regex-5.0.1.tgz. Extracting by manifest.
1156 silly tarball no local data for is-fullwidth-code-point@https://registry.npmjs.org/is-fullwidth-code-point/-/is-fullwidth-code-point-3.0.0.tgz. Extracting by manifest.
1157 silly tarball no local data for emoji-regex@https://registry.npmjs.org/emoji-regex/-/emoji-regex-8.0.0.tgz. Extracting by manifest.
1158 silly tarball no local data for p-try@https://registry.npmjs.org/p-try/-/p-try-2.2.0.tgz. Extracting by manifest.
1159 silly tarball no local data for p-limit@https://registry.npmjs.org/p-limit/-/p-limit-2.3.0.tgz. Extracting by manifest.
1160 silly tarball no local data for p-locate@https://registry.npmjs.org/p-locate/-/p-locate-4.1.0.tgz. Extracting by manifest.
1161 silly tarball no local data for path-exists@https://registry.npmjs.org/path-exists/-/path-exists-4.0.0.tgz. Extracting by manifest.
1162 silly tarball no local data for locate-path@https://registry.npmjs.org/locate-path/-/locate-path-5.0.0.tgz. Extracting by manifest.
1163 silly tarball no local data for wrap-ansi@https://registry.npmjs.org/wrap-ansi/-/wrap-ansi-6.2.0.tgz. Extracting by manifest.
1164 silly tarball no local data for strip-ansi@https://registry.npmjs.org/strip-ansi/-/strip-ansi-6.0.1.tgz. Extracting by manifest.
1165 silly tarball no local data for yargs-parser@https://registry.npmjs.org/yargs-parser/-/yargs-parser-18.1.3.tgz. Extracting by manifest.
1166 silly tarball no local data for y18n@https://registry.npmjs.org/y18n/-/y18n-4.0.3.tgz. Extracting by manifest.
1167 silly tarball no local data for which-module@https://registry.npmjs.org/which-module/-/which-module-2.0.1.tgz. Extracting by manifest.
1168 silly tarball no local data for string-width@https://registry.npmjs.org/string-width/-/string-width-4.2.3.tgz. Extracting by manifest.
1169 silly tarball no local data for set-blocking@https://registry.npmjs.org/set-blocking/-/set-blocking-2.0.0.tgz. Extracting by manifest.
1170 silly tarball no local data for require-main-filename@https://registry.npmjs.org/require-main-filename/-/require-main-filename-2.0.0.tgz. Extracting by manifest.
1171 silly tarball no local data for require-directory@https://registry.npmjs.org/require-directory/-/require-directory-2.1.1.tgz. Extracting by manifest.
1172 silly tarball no local data for get-caller-file@https://registry.npmjs.org/get-caller-file/-/get-caller-file-2.0.5.tgz. Extracting by manifest.
1173 silly tarball no local data for find-up@https://registry.npmjs.org/find-up/-/find-up-4.1.0.tgz. Extracting by manifest.
1174 silly tarball no local data for decamelize@https://registry.npmjs.org/decamelize/-/decamelize-1.2.0.tgz. Extracting by manifest.
1175 silly tarball no local data for cliui@https://registry.npmjs.org/cliui/-/cliui-6.0.0.tgz. Extracting by manifest.
1176 silly tarball no local data for ieee754@https://registry.npmjs.org/ieee754/-/ieee754-1.2.1.tgz. Extracting by manifest.
1177 silly tarball no local data for call-bound@https://registry.npmjs.org/call-bound/-/call-bound-1.0.4.tgz. Extracting by manifest.
1178 silly tarball no local data for side-channel-weakmap@https://registry.npmjs.org/side-channel-weakmap/-/side-channel-weakmap-1.0.2.tgz. Extracting by manifest.
1179 silly tarball no local data for side-channel-map@https://registry.npmjs.org/side-channel-map/-/side-channel-map-1.0.1.tgz. Extracting by manifest.
1180 silly tarball no local data for side-channel-list@https://registry.npmjs.org/side-channel-list/-/side-channel-list-1.0.1.tgz. Extracting by manifest.
1181 silly tarball no local data for object-inspect@https://registry.npmjs.org/object-inspect/-/object-inspect-1.13.4.tgz. Extracting by manifest.
1182 silly tarball no local data for @emnapi/runtime@https://registry.npmjs.org/@emnapi/runtime/-/runtime-1.11.3.tgz. Extracting by manifest.
1183 silly tarball no local data for @img/sharp-wasm32@https://registry.npmjs.org/@img/sharp-wasm32/-/sharp-wasm32-0.35.3.tgz. Extracting by manifest.
1184 silly tarball no local data for semver@https://registry.npmjs.org/semver/-/semver-7.8.5.tgz. Extracting by manifest.
1185 silly tarball no local data for detect-libc@https://registry.npmjs.org/detect-libc/-/detect-libc-2.1.2.tgz. Extracting by manifest.
1186 silly tarball no local data for @img/sharp-linux-x64@https://registry.npmjs.org/@img/sharp-linux-x64/-/sharp-linux-x64-0.35.3.tgz. Extracting by manifest.
1187 silly tarball no local data for @img/sharp-libvips-linux-x64@https://registry.npmjs.org/@img/sharp-libvips-linux-x64/-/sharp-libvips-linux-x64-1.3.2.tgz. Extracting by manifest.
1188 silly tarball no local data for @img/colour@https://registry.npmjs.org/@img/colour/-/colour-1.1.0.tgz. Extracting by manifest.
1189 silly tarball no local data for mime@https://registry.npmjs.org/mime/-/mime-1.6.0.tgz. Extracting by manifest.
1190 silly tarball no local data for side-channel@https://registry.npmjs.org/side-channel/-/side-channel-1.1.1.tgz. Extracting by manifest.
1191 silly tarball no local data for yargs@https://registry.npmjs.org/yargs/-/yargs-15.4.1.tgz. Extracting by manifest.
1192 silly tarball no local data for pngjs@https://registry.npmjs.org/pngjs/-/pngjs-5.0.0.tgz. Extracting by manifest.
1193 silly tarball no local data for dijkstrajs@https://registry.npmjs.org/dijkstrajs/-/dijkstrajs-1.0.3.tgz. Extracting by manifest.
1194 silly tarball no local data for ipaddr.js@https://registry.npmjs.org/ipaddr.js/-/ipaddr.js-1.9.1.tgz. Extracting by manifest.
1195 silly tarball no local data for forwarded@https://registry.npmjs.org/forwarded/-/forwarded-0.2.0.tgz. Extracting by manifest.
1196 silly tarball no local data for undici-types@https://registry.npmjs.org/undici-types/-/undici-types-8.3.0.tgz. Extracting by manifest.
1197 silly tarball no local data for long@https://registry.npmjs.org/long/-/long-5.3.2.tgz. Extracting by manifest.
1198 silly tarball no local data for @types/node@https://registry.npmjs.org/@types/node/-/node-26.2.0.tgz. Extracting by manifest.
1199 silly tarball no local data for @protobufjs/utf8@https://registry.npmjs.org/@protobufjs/utf8/-/utf8-1.1.2.tgz. Extracting by manifest.
1200 silly tarball no local data for @protobufjs/pool@https://registry.npmjs.org/@protobufjs/pool/-/pool-1.1.0.tgz. Extracting by manifest.
1201 silly tarball no local data for @protobufjs/path@https://registry.npmjs.org/@protobufjs/path/-/path-1.1.2.tgz. Extracting by manifest.
1202 silly tarball no local data for @protobufjs/float@https://registry.npmjs.org/@protobufjs/float/-/float-1.0.2.tgz. Extracting by manifest.
1203 silly tarball no local data for @protobufjs/fetch@https://registry.npmjs.org/@protobufjs/fetch/-/fetch-1.1.1.tgz. Extracting by manifest.
1204 silly tarball no local data for @protobufjs/eventemitter@https://registry.npmjs.org/@protobufjs/eventemitter/-/eventemitter-1.1.1.tgz. Extracting by manifest.
1205 silly tarball no local data for @protobufjs/codegen@https://registry.npmjs.org/@protobufjs/codegen/-/codegen-2.0.5.tgz. Extracting by manifest.
1206 silly tarball no local data for @protobufjs/base64@https://registry.npmjs.org/@protobufjs/base64/-/base64-1.1.2.tgz. Extracting by manifest.
1207 silly tarball no local data for @protobufjs/aspromise@https://registry.npmjs.org/@protobufjs/aspromise/-/aspromise-1.1.2.tgz. Extracting by manifest.
1208 silly tarball no local data for split2@https://registry.npmjs.org/split2/-/split2-4.2.0.tgz. Extracting by manifest.
1209 silly tarball no local data for thread-stream@https://registry.npmjs.org/thread-stream/-/thread-stream-3.2.0.tgz. Extracting by manifest.
1210 silly tarball no local data for sonic-boom@https://registry.npmjs.org/sonic-boom/-/sonic-boom-4.2.1.tgz. Extracting by manifest.
1211 silly tarball no local data for safe-stable-stringify@https://registry.npmjs.org/safe-stable-stringify/-/safe-stable-stringify-2.5.0.tgz. Extracting by manifest.
1212 silly tarball no local data for real-require@https://registry.npmjs.org/real-require/-/real-require-0.2.0.tgz. Extracting by manifest.
1213 silly tarball no local data for quick-format-unescaped@https://registry.npmjs.org/quick-format-unescaped/-/quick-format-unescaped-4.0.4.tgz. Extracting by manifest.
1214 silly tarball no local data for process-warning@https://registry.npmjs.org/process-warning/-/process-warning-5.1.0.tgz. Extracting by manifest.
1215 silly tarball no local data for pino-std-serializers@https://registry.npmjs.org/pino-std-serializers/-/pino-std-serializers-7.1.0.tgz. Extracting by manifest.
1216 silly tarball no local data for pino-abstract-transport@https://registry.npmjs.org/pino-abstract-transport/-/pino-abstract-transport-2.0.0.tgz. Extracting by manifest.
1217 silly tarball no local data for on-exit-leak-free@https://registry.npmjs.org/on-exit-leak-free/-/on-exit-leak-free-2.1.2.tgz. Extracting by manifest.
1218 silly tarball no local data for atomic-sleep@https://registry.npmjs.org/atomic-sleep/-/atomic-sleep-1.0.0.tgz. Extracting by manifest.
1219 silly tarball no local data for @pinojs/redact@https://registry.npmjs.org/@pinojs/redact/-/redact-0.4.0.tgz. Extracting by manifest.
1220 silly tarball no local data for ee-first@https://registry.npmjs.org/ee-first/-/ee-first-1.1.1.tgz. Extracting by manifest.
1221 silly tarball no local data for @tokenizer/inflate@https://registry.npmjs.org/@tokenizer/inflate/-/inflate-0.4.1.tgz. Extracting by manifest.
1222 silly tarball no local data for win-guid@https://registry.npmjs.org/win-guid/-/win-guid-0.2.1.tgz. Extracting by manifest.
1223 silly tarball no local data for uint8array-extras@https://registry.npmjs.org/uint8array-extras/-/uint8array-extras-1.5.0.tgz. Extracting by manifest.
1224 silly tarball no local data for token-types@https://registry.npmjs.org/token-types/-/token-types-6.1.2.tgz. Extracting by manifest.
1225 silly tarball no local data for strtok3@https://registry.npmjs.org/strtok3/-/strtok3-10.3.5.tgz. Extracting by manifest.
1226 silly tarball no local data for media-typer@https://registry.npmjs.org/media-typer/-/media-typer-2.0.0.tgz. Extracting by manifest.
1227 silly tarball no local data for file-type@https://registry.npmjs.org/file-type/-/file-type-21.3.4.tgz. Extracting by manifest.
1228 silly tarball no local data for @tokenizer/token@https://registry.npmjs.org/@tokenizer/token/-/token-0.3.0.tgz. Extracting by manifest.
1229 silly tarball no local data for @borewit/text-codec@https://registry.npmjs.org/@borewit/text-codec/-/text-codec-0.2.2.tgz. Extracting by manifest.
1230 silly tarball no local data for mime-db@https://registry.npmjs.org/mime-db/-/mime-db-1.52.0.tgz. Extracting by manifest.
1231 silly tarball no local data for curve25519-js@https://registry.npmjs.org/curve25519-js/-/curve25519-js-0.0.4.tgz. Extracting by manifest.
1232 silly tarball no local data for @keyv/serialize@https://registry.npmjs.org/@keyv/serialize/-/serialize-1.1.1.tgz. Extracting by manifest.
1233 silly tarball no local data for safer-buffer@https://registry.npmjs.org/safer-buffer/-/safer-buffer-2.1.2.tgz. Extracting by manifest.
1234 silly tarball no local data for agent-base@https://registry.npmjs.org/agent-base/-/agent-base-6.0.2.tgz. Extracting by manifest.
1235 silly tarball no local data for toidentifier@https://registry.npmjs.org/toidentifier/-/toidentifier-1.0.1.tgz. Extracting by manifest.
1236 silly tarball no local data for inherits@https://registry.npmjs.org/inherits/-/inherits-2.0.4.tgz. Extracting by manifest.
1237 silly tarball no local data for dunder-proto@https://registry.npmjs.org/dunder-proto/-/dunder-proto-1.0.1.tgz. Extracting by manifest.
1238 silly tarball no local data for math-intrinsics@https://registry.npmjs.org/math-intrinsics/-/math-intrinsics-1.1.0.tgz. Extracting by manifest.
1239 silly tarball no local data for has-symbols@https://registry.npmjs.org/has-symbols/-/has-symbols-1.1.0.tgz. Extracting by manifest.
1240 silly tarball no local data for gopd@https://registry.npmjs.org/gopd/-/gopd-1.2.0.tgz. Extracting by manifest.
1241 silly tarball no local data for get-proto@https://registry.npmjs.org/get-proto/-/get-proto-1.0.1.tgz. Extracting by manifest.
1242 silly tarball no local data for function-bind@https://registry.npmjs.org/function-bind/-/function-bind-1.1.2.tgz. Extracting by manifest.
1243 silly tarball no local data for es-object-atoms@https://registry.npmjs.org/es-object-atoms/-/es-object-atoms-1.1.2.tgz. Extracting by manifest.
1244 silly tarball no local data for es-define-property@https://registry.npmjs.org/es-define-property/-/es-define-property-1.0.1.tgz. Extracting by manifest.
1245 silly tarball no local data for call-bind-apply-helpers@https://registry.npmjs.org/call-bind-apply-helpers/-/call-bind-apply-helpers-1.0.2.tgz. Extracting by manifest.
1246 silly tarball no local data for has-tostringtag@https://registry.npmjs.org/has-tostringtag/-/has-tostringtag-1.0.2.tgz. Extracting by manifest.
1247 silly tarball no local data for get-intrinsic@https://registry.npmjs.org/get-intrinsic/-/get-intrinsic-1.3.0.tgz. Extracting by manifest.
1248 silly tarball no local data for es-errors@https://registry.npmjs.org/es-errors/-/es-errors-1.3.0.tgz. Extracting by manifest.
1249 silly tarball no local data for delayed-stream@https://registry.npmjs.org/delayed-stream/-/delayed-stream-1.0.0.tgz. Extracting by manifest.
1250 silly tarball no local data for hasown@https://registry.npmjs.org/hasown/-/hasown-2.0.4.tgz. Extracting by manifest.
1251 silly tarball no local data for es-set-tostringtag@https://registry.npmjs.org/es-set-tostringtag/-/es-set-tostringtag-2.1.0.tgz. Extracting by manifest.
1252 silly tarball no local data for combined-stream@https://registry.npmjs.org/combined-stream/-/combined-stream-1.0.8.tgz. Extracting by manifest.
1253 silly tarball no local data for asynckit@https://registry.npmjs.org/asynckit/-/asynckit-0.4.0.tgz. Extracting by manifest.
1254 silly tarball no local data for ms@https://registry.npmjs.org/ms/-/ms-2.0.0.tgz. Extracting by manifest.
1255 silly tarball no local data for unpipe@https://registry.npmjs.org/unpipe/-/unpipe-1.0.0.tgz. Extracting by manifest.
1256 silly tarball no local data for raw-body@https://registry.npmjs.org/raw-body/-/raw-body-2.5.3.tgz. Extracting by manifest.
1257 silly tarball no local data for iconv-lite@https://registry.npmjs.org/iconv-lite/-/iconv-lite-0.4.24.tgz. Extracting by manifest.
1258 silly tarball no local data for destroy@https://registry.npmjs.org/destroy/-/destroy-1.2.0.tgz. Extracting by manifest.
1259 silly tarball no local data for bytes@https://registry.npmjs.org/bytes/-/bytes-3.1.2.tgz. Extracting by manifest.
1260 silly tarball no local data for negotiator@https://registry.npmjs.org/negotiator/-/negotiator-0.6.3.tgz. Extracting by manifest.
1261 silly tarball no local data for mime-types@https://registry.npmjs.org/mime-types/-/mime-types-2.1.35.tgz. Extracting by manifest.
1262 silly tarball no local data for vary@https://registry.npmjs.org/vary/-/vary-1.1.2.tgz. Extracting by manifest.
1263 silly tarball no local data for utils-merge@https://registry.npmjs.org/utils-merge/-/utils-merge-1.0.1.tgz. Extracting by manifest.
1264 silly tarball no local data for type-is@https://registry.npmjs.org/type-is/-/type-is-1.6.18.tgz. Extracting by manifest.
1265 silly tarball no local data for statuses@https://registry.npmjs.org/statuses/-/statuses-2.0.2.tgz. Extracting by manifest.
1266 silly tarball no local data for setprototypeof@https://registry.npmjs.org/setprototypeof/-/setprototypeof-1.2.0.tgz. Extracting by manifest.
1267 silly tarball no local data for serve-static@https://registry.npmjs.org/serve-static/-/serve-static-1.16.3.tgz. Extracting by manifest.
1268 silly tarball no local data for send@https://registry.npmjs.org/send/-/send-0.19.2.tgz. Extracting by manifest.
1269 silly tarball no local data for safe-buffer@https://registry.npmjs.org/safe-buffer/-/safe-buffer-5.2.1.tgz. Extracting by manifest.
1270 silly tarball no local data for range-parser@https://registry.npmjs.org/range-parser/-/range-parser-1.2.1.tgz. Extracting by manifest.
1271 silly tarball no local data for qs@https://registry.npmjs.org/qs/-/qs-6.15.3.tgz. Extracting by manifest.
1272 silly tarball no local data for proxy-addr@https://registry.npmjs.org/proxy-addr/-/proxy-addr-2.0.7.tgz. Extracting by manifest.
1273 silly tarball no local data for path-to-regexp@https://registry.npmjs.org/path-to-regexp/-/path-to-regexp-0.1.13.tgz. Extracting by manifest.
1274 silly tarball no local data for parseurl@https://registry.npmjs.org/parseurl/-/parseurl-1.3.3.tgz. Extracting by manifest.
1275 silly tarball no local data for on-finished@https://registry.npmjs.org/on-finished/-/on-finished-2.4.1.tgz. Extracting by manifest.
1276 silly tarball no local data for methods@https://registry.npmjs.org/methods/-/methods-1.1.2.tgz. Extracting by manifest.
1277 silly tarball no local data for merge-descriptors@https://registry.npmjs.org/merge-descriptors/-/merge-descriptors-1.0.3.tgz. Extracting by manifest.
1278 silly tarball no local data for http-errors@https://registry.npmjs.org/http-errors/-/http-errors-2.0.1.tgz. Extracting by manifest.
1279 silly tarball no local data for fresh@https://registry.npmjs.org/fresh/-/fresh-0.5.2.tgz. Extracting by manifest.
1280 silly tarball no local data for finalhandler@https://registry.npmjs.org/finalhandler/-/finalhandler-1.3.2.tgz. Extracting by manifest.
1281 silly tarball no local data for etag@https://registry.npmjs.org/etag/-/etag-1.8.1.tgz. Extracting by manifest.
1282 silly tarball no local data for escape-html@https://registry.npmjs.org/escape-html/-/escape-html-1.0.3.tgz. Extracting by manifest.
1283 silly tarball no local data for encodeurl@https://registry.npmjs.org/encodeurl/-/encodeurl-2.0.0.tgz. Extracting by manifest.
1284 silly tarball no local data for depd@https://registry.npmjs.org/depd/-/depd-2.0.0.tgz. Extracting by manifest.
1285 silly tarball no local data for debug@https://registry.npmjs.org/debug/-/debug-2.6.9.tgz. Extracting by manifest.
1286 silly tarball no local data for cookie-signature@https://registry.npmjs.org/cookie-signature/-/cookie-signature-1.0.7.tgz. Extracting by manifest.
1287 silly tarball no local data for cookie@https://registry.npmjs.org/cookie/-/cookie-0.7.2.tgz. Extracting by manifest.
1288 silly tarball no local data for content-type@https://registry.npmjs.org/content-type/-/content-type-1.0.5.tgz. Extracting by manifest.
1289 silly tarball no local data for content-disposition@https://registry.npmjs.org/content-disposition/-/content-disposition-0.5.4.tgz. Extracting by manifest.
1290 silly tarball no local data for body-parser@https://registry.npmjs.org/body-parser/-/body-parser-1.20.6.tgz. Extracting by manifest.
1291 silly tarball no local data for array-flatten@https://registry.npmjs.org/array-flatten/-/array-flatten-1.1.1.tgz. Extracting by manifest.
1292 silly tarball no local data for accepts@https://registry.npmjs.org/accepts/-/accepts-1.3.8.tgz. Extracting by manifest.
1293 silly tarball no local data for hashery@https://registry.npmjs.org/hashery/-/hashery-1.5.1.tgz. Extracting by manifest.
1294 silly tarball no local data for @keyv/bigmap@https://registry.npmjs.org/@keyv/bigmap/-/bigmap-1.3.1.tgz. Extracting by manifest.
1295 silly tarball no local data for qified@https://registry.npmjs.org/qified/-/qified-0.10.1.tgz. Extracting by manifest.
1296 silly tarball no local data for @cacheable/utils@https://registry.npmjs.org/@cacheable/utils/-/utils-2.5.0.tgz. Extracting by manifest.
1297 silly tarball no local data for @cacheable/memory@https://registry.npmjs.org/@cacheable/memory/-/memory-2.2.0.tgz. Extracting by manifest.
1298 silly tarball no local data for proxy-from-env@https://registry.npmjs.org/proxy-from-env/-/proxy-from-env-2.1.0.tgz. Extracting by manifest.
1299 silly tarball no local data for https-proxy-agent@https://registry.npmjs.org/https-proxy-agent/-/https-proxy-agent-5.0.1.tgz. Extracting by manifest.
1300 silly tarball no local data for form-data@https://registry.npmjs.org/form-data/-/form-data-4.0.6.tgz. Extracting by manifest.
1301 silly tarball no local data for follow-redirects@https://registry.npmjs.org/follow-redirects/-/follow-redirects-1.16.0.tgz. Extracting by manifest.
1302 silly tarball no local data for tslib@https://registry.npmjs.org/tslib/-/tslib-2.8.1.tgz. Extracting by manifest.
1303 silly tarball no local data for keyv@https://registry.npmjs.org/keyv/-/keyv-5.6.0.tgz. Extracting by manifest.
1304 silly tarball no local data for hookified@https://registry.npmjs.org/hookified/-/hookified-1.15.1.tgz. Extracting by manifest.
1305 silly tarball no local data for cacheable@https://registry.npmjs.org/cacheable/-/cacheable-2.5.0.tgz. Extracting by manifest.
1306 silly tarball no local data for ws@https://registry.npmjs.org/ws/-/ws-8.21.3.tgz. Extracting by manifest.
1307 silly tarball no local data for protobufjs@https://registry.npmjs.org/protobufjs/-/protobufjs-7.6.5.tgz. Extracting by manifest.
1308 silly tarball no local data for music-metadata@https://registry.npmjs.org/music-metadata/-/music-metadata-11.14.0.tgz. Extracting by manifest.
1309 silly tarball no local data for axios@https://registry.npmjs.org/axios/-/axios-1.19.0.tgz. Extracting by manifest.
1310 silly tarball no local data for async-mutex@https://registry.npmjs.org/async-mutex/-/async-mutex-0.5.0.tgz. Extracting by manifest.
1311 silly tarball no local data for @cacheable/node-cache@https://registry.npmjs.org/@cacheable/node-cache/-/node-cache-1.7.6.tgz. Extracting by manifest.
1312 silly tarball no local data for @hapi/hoek@https://registry.npmjs.org/@hapi/hoek/-/hoek-11.0.7.tgz. Extracting by manifest.
1313 silly tarball no local data for qrcode@https://registry.npmjs.org/qrcode/-/qrcode-1.5.4.tgz. Extracting by manifest.
1314 silly tarball no local data for pino@https://registry.npmjs.org/pino/-/pino-9.14.0.tgz. Extracting by manifest.
1315 silly tarball no local data for express@https://registry.npmjs.org/express/-/express-4.22.2.tgz. Extracting by manifest.
1316 silly tarball no local data for sharp@https://registry.npmjs.org/sharp/-/sharp-0.35.3.tgz. Extracting by manifest.
1317 silly tarball no local data for @whiskeysockets/baileys@https://registry.npmjs.org/@whiskeysockets/baileys/-/baileys-6.7.24.tgz. Extracting by manifest.
1318 silly tarball no local data for @hapi/boom@https://registry.npmjs.org/@hapi/boom/-/boom-10.0.1.tgz. Extracting by manifest.
1319 silly tarball no local data for ms@https://registry.npmjs.org/ms/-/ms-2.1.3.tgz. Extracting by manifest.
1320 silly tarball no local data for debug@https://registry.npmjs.org/debug/-/debug-4.4.3.tgz. Extracting by manifest.
1321 silly tarball no local data for ms@https://registry.npmjs.org/ms/-/ms-2.1.3.tgz. Extracting by manifest.
1322 silly tarball no local data for debug@https://registry.npmjs.org/debug/-/debug-4.4.3.tgz. Extracting by manifest.
1323 silly tarball no local data for media-typer@https://registry.npmjs.org/media-typer/-/media-typer-0.3.0.tgz. Extracting by manifest.
1324 silly tarball no local data for ms@https://registry.npmjs.org/ms/-/ms-2.1.3.tgz. Extracting by manifest.
1325 silly tarball no local data for hookified@https://registry.npmjs.org/hookified/-/hookified-2.2.0.tgz. Extracting by manifest.
1326 silly tarball no local data for ms@https://registry.npmjs.org/ms/-/ms-2.1.3.tgz. Extracting by manifest.
1327 silly tarball no local data for debug@https://registry.npmjs.org/debug/-/debug-4.4.3.tgz. Extracting by manifest.
1328 silly tarball no local data for ms@https://registry.npmjs.org/ms/-/ms-2.1.3.tgz. Extracting by manifest.
1329 silly tarball no local data for debug@https://registry.npmjs.org/debug/-/debug-4.4.3.tgz. Extracting by manifest.
1330 silly tarball no local data for content-type@https://registry.npmjs.org/content-type/-/content-type-2.1.0.tgz. Extracting by manifest.
1331 silly tarball no local data for @hapi/hoek@https://registry.npmjs.org/@hapi/hoek/-/hoek-9.3.0.tgz. Extracting by manifest.
1332 silly tarball no local data for @hapi/boom@https://registry.npmjs.org/@hapi/boom/-/boom-9.1.4.tgz. Extracting by manifest.
1333 http fetch POST 200 https://registry.npmjs.org/-/npm/v1/security/advisories/bulk 463ms
1334 silly audit report {}
1335 http fetch GET 200 https://registry.npmjs.org/camelcase/-/camelcase-5.3.1.tgz 325ms (cache miss)
1336 http fetch GET 200 https://registry.npmjs.org/yargs-parser/-/yargs-parser-18.1.3.tgz 380ms (cache miss)
1337 http fetch GET 200 https://registry.npmjs.org/y18n/-/y18n-4.0.3.tgz 564ms (cache miss)
1338 http fetch GET 200 https://registry.npmjs.org/string-width/-/string-width-4.2.3.tgz 584ms (cache miss)
1339 http fetch GET 200 https://registry.npmjs.org/which-module/-/which-module-2.0.1.tgz 632ms (cache miss)
1340 http fetch GET 200 https://registry.npmjs.org/path-exists/-/path-exists-4.0.0.tgz 751ms (cache miss)
1341 http fetch GET 200 https://registry.npmjs.org/set-blocking/-/set-blocking-2.0.0.tgz 744ms (cache miss)
1342 http fetch GET 200 https://registry.npmjs.org/p-limit/-/p-limit-2.3.0.tgz 777ms (cache miss)
1343 http fetch GET 200 https://registry.npmjs.org/strip-ansi/-/strip-ansi-6.0.1.tgz 773ms (cache miss)
1344 http fetch GET 200 https://registry.npmjs.org/p-locate/-/p-locate-4.1.0.tgz 776ms (cache miss)
1345 http fetch GET 200 https://registry.npmjs.org/p-try/-/p-try-2.2.0.tgz 781ms (cache miss)
1346 http fetch GET 200 https://registry.npmjs.org/color-name/-/color-name-1.1.4.tgz 811ms (cache miss)
1347 http fetch GET 200 https://registry.npmjs.org/require-main-filename/-/require-main-filename-2.0.0.tgz 796ms (cache miss)
1348 http fetch GET 200 https://registry.npmjs.org/get-caller-file/-/get-caller-file-2.0.5.tgz 818ms (cache miss)
1349 http fetch GET 200 https://registry.npmjs.org/wrap-ansi/-/wrap-ansi-6.2.0.tgz 857ms (cache miss)
1350 http fetch GET 200 https://registry.npmjs.org/ansi-styles/-/ansi-styles-4.3.0.tgz 896ms (cache miss)
1351 http fetch GET 200 https://registry.npmjs.org/ansi-regex/-/ansi-regex-5.0.1.tgz 960ms (cache miss)
1352 http fetch GET 200 https://registry.npmjs.org/locate-path/-/locate-path-5.0.0.tgz 954ms (cache miss)
1353 http fetch GET 200 https://registry.npmjs.org/ieee754/-/ieee754-1.2.1.tgz 940ms (cache miss)
1354 http fetch GET 200 https://registry.npmjs.org/decamelize/-/decamelize-1.2.0.tgz 942ms (cache miss)
1355 http fetch GET 200 https://registry.npmjs.org/require-directory/-/require-directory-2.1.1.tgz 949ms (cache miss)
1356 http fetch GET 200 https://registry.npmjs.org/forwarded/-/forwarded-0.2.0.tgz 930ms (cache miss)
1357 http fetch GET 200 https://registry.npmjs.org/is-fullwidth-code-point/-/is-fullwidth-code-point-3.0.0.tgz 1018ms (cache miss)
1358 http fetch GET 200 https://registry.npmjs.org/side-channel/-/side-channel-1.1.1.tgz 990ms (cache miss)
1359 http fetch GET 200 https://registry.npmjs.org/dijkstrajs/-/dijkstrajs-1.0.3.tgz 991ms (cache miss)
1360 http fetch GET 200 https://registry.npmjs.org/@protobufjs/aspromise/-/aspromise-1.1.2.tgz 982ms (cache miss)
1361 http fetch GET 200 https://registry.npmjs.org/find-up/-/find-up-4.1.0.tgz 1042ms (cache miss)
1362 http fetch GET 200 https://registry.npmjs.org/cliui/-/cliui-6.0.0.tgz 1038ms (cache miss)
1363 http fetch GET 200 https://registry.npmjs.org/color-convert/-/color-convert-2.0.1.tgz 1061ms (cache miss)
1364 http fetch GET 200 https://registry.npmjs.org/@protobufjs/path/-/path-1.1.2.tgz 1025ms (cache miss)
1365 http fetch GET 200 https://registry.npmjs.org/@protobufjs/eventemitter/-/eventemitter-1.1.1.tgz 1063ms (cache miss)
1366 http fetch GET 200 https://registry.npmjs.org/on-exit-leak-free/-/on-exit-leak-free-2.1.2.tgz 1054ms (cache miss)
1367 http fetch GET 200 https://registry.npmjs.org/side-channel-map/-/side-channel-map-1.0.1.tgz 1107ms (cache miss)
1368 http fetch GET 200 https://registry.npmjs.org/@protobufjs/utf8/-/utf8-1.1.2.tgz 1097ms (cache miss)
1369 http fetch GET 200 https://registry.npmjs.org/@protobufjs/pool/-/pool-1.1.0.tgz 1096ms (cache miss)
1370 http fetch GET 200 https://registry.npmjs.org/@protobufjs/float/-/float-1.0.2.tgz 1095ms (cache miss)
1371 http fetch GET 200 https://registry.npmjs.org/pino-abstract-transport/-/pino-abstract-transport-2.0.0.tgz 1084ms (cache miss)
1372 http fetch GET 200 https://registry.npmjs.org/emoji-regex/-/emoji-regex-8.0.0.tgz 1151ms (cache miss)
1373 http fetch GET 200 https://registry.npmjs.org/ipaddr.js/-/ipaddr.js-1.9.1.tgz 1120ms (cache miss)
1374 http fetch GET 200 https://registry.npmjs.org/safe-stable-stringify/-/safe-stable-stringify-2.5.0.tgz 1110ms (cache miss)
1375 http fetch GET 200 https://registry.npmjs.org/@protobufjs/codegen/-/codegen-2.0.5.tgz 1113ms (cache miss)
1376 http fetch GET 200 https://registry.npmjs.org/ee-first/-/ee-first-1.1.1.tgz 1103ms (cache miss)
1377 http fetch GET 200 https://registry.npmjs.org/win-guid/-/win-guid-0.2.1.tgz 1102ms (cache miss)
1378 http fetch GET 200 https://registry.npmjs.org/media-typer/-/media-typer-2.0.0.tgz 1101ms (cache miss)
1379 http fetch GET 200 https://registry.npmjs.org/agent-base/-/agent-base-6.0.2.tgz 1096ms (cache miss)
1380 http fetch GET 200 https://registry.npmjs.org/@keyv/serialize/-/serialize-1.1.1.tgz 1098ms (cache miss)
1381 http fetch GET 200 https://registry.npmjs.org/side-channel-list/-/side-channel-list-1.0.1.tgz 1145ms (cache miss)
1382 http fetch GET 200 https://registry.npmjs.org/@protobufjs/fetch/-/fetch-1.1.1.tgz 1132ms (cache miss)
1383 http fetch GET 200 https://registry.npmjs.org/@tokenizer/inflate/-/inflate-0.4.1.tgz 1117ms (cache miss)
1384 http fetch GET 200 https://registry.npmjs.org/toidentifier/-/toidentifier-1.0.1.tgz 1099ms (cache miss)
1385 http fetch GET 200 https://registry.npmjs.org/has-symbols/-/has-symbols-1.1.0.tgz 1096ms (cache miss)
1386 http fetch GET 200 https://registry.npmjs.org/detect-libc/-/detect-libc-2.1.2.tgz 1165ms (cache miss)
1387 http fetch GET 200 https://registry.npmjs.org/quick-format-unescaped/-/quick-format-unescaped-4.0.4.tgz 1146ms (cache miss)
1388 http fetch GET 200 https://registry.npmjs.org/@protobufjs/base64/-/base64-1.1.2.tgz 1150ms (cache miss)
1389 http fetch GET 200 https://registry.npmjs.org/atomic-sleep/-/atomic-sleep-1.0.0.tgz 1144ms (cache miss)
1390 http fetch GET 200 https://registry.npmjs.org/curve25519-js/-/curve25519-js-0.0.4.tgz 1135ms (cache miss)
1391 http fetch GET 200 https://registry.npmjs.org/@borewit/text-codec/-/text-codec-0.2.2.tgz 1137ms (cache miss)
1392 http fetch GET 200 https://registry.npmjs.org/es-define-property/-/es-define-property-1.0.1.tgz 1110ms (cache miss)
1393 http fetch GET 200 https://registry.npmjs.org/call-bound/-/call-bound-1.0.4.tgz 1183ms (cache miss)
1394 http fetch GET 200 https://registry.npmjs.org/split2/-/split2-4.2.0.tgz 1162ms (cache miss)
1395 http fetch GET 200 https://registry.npmjs.org/real-require/-/real-require-0.2.0.tgz 1160ms (cache miss)
1396 http fetch GET 200 https://registry.npmjs.org/@tokenizer/token/-/token-0.3.0.tgz 1150ms (cache miss)
1397 http fetch GET 200 https://registry.npmjs.org/delayed-stream/-/delayed-stream-1.0.0.tgz 1119ms (cache miss)
1398 http fetch GET 200 https://registry.npmjs.org/combined-stream/-/combined-stream-1.0.8.tgz 1114ms (cache miss)
1399 http fetch GET 200 https://registry.npmjs.org/side-channel-weakmap/-/side-channel-weakmap-1.0.2.tgz 1193ms (cache miss)
1400 http fetch GET 200 https://registry.npmjs.org/long/-/long-5.3.2.tgz 1182ms (cache miss)
1401 http fetch GET 200 https://registry.npmjs.org/gopd/-/gopd-1.2.0.tgz 1139ms (cache miss)
1402 http fetch GET 200 https://registry.npmjs.org/function-bind/-/function-bind-1.1.2.tgz 1134ms (cache miss)
1403 http fetch GET 200 https://registry.npmjs.org/call-bind-apply-helpers/-/call-bind-apply-helpers-1.0.2.tgz 1131ms (cache miss)
1404 http fetch GET 200 https://registry.npmjs.org/raw-body/-/raw-body-2.5.3.tgz 1121ms (cache miss)
1405 http fetch GET 200 https://registry.npmjs.org/bytes/-/bytes-3.1.2.tgz 1118ms (cache miss)
1406 http fetch GET 200 https://registry.npmjs.org/inherits/-/inherits-2.0.4.tgz 1152ms (cache miss)
1407 http fetch GET 200 https://registry.npmjs.org/get-intrinsic/-/get-intrinsic-1.3.0.tgz 1139ms (cache miss)
1408 http fetch GET 200 https://registry.npmjs.org/ms/-/ms-2.0.0.tgz 1130ms (cache miss)
1409 http fetch GET 200 https://registry.npmjs.org/negotiator/-/negotiator-0.6.3.tgz 1126ms (cache miss)
1410 http fetch GET 200 https://registry.npmjs.org/utils-merge/-/utils-merge-1.0.1.tgz 1124ms (cache miss)
1411 http fetch GET 200 https://registry.npmjs.org/setprototypeof/-/setprototypeof-1.2.0.tgz 1117ms (cache miss)
1412 http fetch GET 200 https://registry.npmjs.org/safer-buffer/-/safer-buffer-2.1.2.tgz 1173ms (cache miss)
1413 http fetch GET 200 https://registry.npmjs.org/get-proto/-/get-proto-1.0.1.tgz 1154ms (cache miss)
1414 http fetch GET 200 https://registry.npmjs.org/unpipe/-/unpipe-1.0.0.tgz 1137ms (cache miss)
1415 http fetch GET 200 https://registry.npmjs.org/destroy/-/destroy-1.2.0.tgz 1135ms (cache miss)
1416 http fetch GET 200 https://registry.npmjs.org/type-is/-/type-is-1.6.18.tgz 1130ms (cache miss)
1417 http fetch GET 200 https://registry.npmjs.org/proxy-addr/-/proxy-addr-2.0.7.tgz 1120ms (cache miss)
1418 http fetch GET 200 https://registry.npmjs.org/path-to-regexp/-/path-to-regexp-0.1.13.tgz 1119ms (cache miss)
1419 http fetch GET 200 https://registry.npmjs.org/token-types/-/token-types-6.1.2.tgz 1187ms (cache miss)
1420 http fetch GET 200 https://registry.npmjs.org/safe-buffer/-/safe-buffer-5.2.1.tgz 1131ms (cache miss)
1421 http fetch GET 200 https://registry.npmjs.org/range-parser/-/range-parser-1.2.1.tgz 1130ms (cache miss)
1422 http fetch GET 200 https://registry.npmjs.org/escape-html/-/escape-html-1.0.3.tgz 1114ms (cache miss)
1423 http fetch GET 200 https://registry.npmjs.org/encodeurl/-/encodeurl-2.0.0.tgz 1113ms (cache miss)
1424 http fetch GET 200 https://registry.npmjs.org/uint8array-extras/-/uint8array-extras-1.5.0.tgz 1196ms (cache miss)
1425 http fetch GET 200 https://registry.npmjs.org/hasown/-/hasown-2.0.4.tgz 1163ms (cache miss)
1426 http fetch GET 200 https://registry.npmjs.org/mime-types/-/mime-types-2.1.35.tgz 1154ms (cache miss)
1427 http fetch GET 200 https://registry.npmjs.org/vary/-/vary-1.1.2.tgz 1155ms (cache miss)
1428 http fetch GET 200 https://registry.npmjs.org/send/-/send-0.19.2.tgz 1145ms (cache miss)
1429 http fetch GET 200 https://registry.npmjs.org/on-finished/-/on-finished-2.4.1.tgz 1140ms (cache miss)
1430 http fetch GET 200 https://registry.npmjs.org/methods/-/methods-1.1.2.tgz 1139ms (cache miss)
1431 http fetch GET 200 https://registry.npmjs.org/parseurl/-/parseurl-1.3.3.tgz 1140ms (cache miss)
1432 http fetch GET 200 https://registry.npmjs.org/fresh/-/fresh-0.5.2.tgz 1137ms (cache miss)
1433 http fetch GET 200 https://registry.npmjs.org/cookie-signature/-/cookie-signature-1.0.7.tgz 1121ms (cache miss)
1434 http fetch GET 200 https://registry.npmjs.org/array-flatten/-/array-flatten-1.1.1.tgz 1118ms (cache miss)
1435 http fetch GET 200 https://registry.npmjs.org/es-object-atoms/-/es-object-atoms-1.1.2.tgz 1181ms (cache miss)
1436 http fetch GET 200 https://registry.npmjs.org/statuses/-/statuses-2.0.2.tgz 1156ms (cache miss)
1437 http fetch GET 200 https://registry.npmjs.org/merge-descriptors/-/merge-descriptors-1.0.3.tgz 1147ms (cache miss)
1438 http fetch GET 200 https://registry.npmjs.org/http-errors/-/http-errors-2.0.1.tgz 1153ms (cache miss)
1439 http fetch GET 200 https://registry.npmjs.org/depd/-/depd-2.0.0.tgz 1141ms (cache miss)
1440 http fetch GET 200 https://registry.npmjs.org/content-disposition/-/content-disposition-0.5.4.tgz 1134ms (cache miss)
1441 http fetch GET 200 https://registry.npmjs.org/cookie/-/cookie-0.7.2.tgz 1136ms (cache miss)
1442 http fetch GET 200 https://registry.npmjs.org/es-set-tostringtag/-/es-set-tostringtag-2.1.0.tgz 1186ms (cache miss)
1443 http fetch GET 200 https://registry.npmjs.org/etag/-/etag-1.8.1.tgz 1152ms (cache miss)
1444 http fetch GET 200 https://registry.npmjs.org/@keyv/bigmap/-/bigmap-1.3.1.tgz 1139ms (cache miss)
1445 http fetch GET 200 https://registry.npmjs.org/@img/colour/-/colour-1.1.0.tgz 1259ms (cache miss)
1446 http fetch GET 200 https://registry.npmjs.org/finalhandler/-/finalhandler-1.3.2.tgz 1159ms (cache miss)
1447 http fetch GET 200 https://registry.npmjs.org/content-type/-/content-type-1.0.5.tgz 1150ms (cache miss)
1448 http fetch GET 200 https://registry.npmjs.org/proxy-from-env/-/proxy-from-env-2.1.0.tgz 1142ms (cache miss)
1449 http fetch GET 200 https://registry.npmjs.org/debug/-/debug-4.4.3.tgz 1122ms (cache miss)
1450 http fetch GET 200 https://registry.npmjs.org/dunder-proto/-/dunder-proto-1.0.1.tgz 1220ms (cache miss)
1451 http fetch GET 200 https://registry.npmjs.org/serve-static/-/serve-static-1.16.3.tgz 1183ms (cache miss)
1452 http fetch GET 200 https://registry.npmjs.org/https-proxy-agent/-/https-proxy-agent-5.0.1.tgz 1148ms (cache miss)
1453 http fetch GET 200 https://registry.npmjs.org/es-errors/-/es-errors-1.3.0.tgz 1212ms (cache miss)
1454 http fetch GET 200 https://registry.npmjs.org/accepts/-/accepts-1.3.8.tgz 1163ms (cache miss)
1455 http fetch GET 200 https://registry.npmjs.org/form-data/-/form-data-4.0.6.tgz 1157ms (cache miss)
1456 http fetch GET 200 https://registry.npmjs.org/keyv/-/keyv-5.6.0.tgz 1158ms (cache miss)
1457 http fetch GET 200 https://registry.npmjs.org/ms/-/ms-2.1.3.tgz 1145ms (cache miss)
1458 http fetch GET 200 https://registry.npmjs.org/media-typer/-/media-typer-0.3.0.tgz 1140ms (cache miss)
1459 http fetch GET 200 https://registry.npmjs.org/@hapi/boom/-/boom-9.1.4.tgz 1136ms (cache miss)
1460 http fetch GET 200 https://registry.npmjs.org/mime/-/mime-1.6.0.tgz 1284ms (cache miss)
1461 http fetch GET 200 https://registry.npmjs.org/@cacheable/memory/-/memory-2.2.0.tgz 1173ms (cache miss)
1462 http fetch GET 200 https://registry.npmjs.org/follow-redirects/-/follow-redirects-1.16.0.tgz 1168ms (cache miss)
1463 http fetch GET 200 https://registry.npmjs.org/@cacheable/node-cache/-/node-cache-1.7.6.tgz 1163ms (cache miss)
1464 http fetch GET 200 https://registry.npmjs.org/asynckit/-/asynckit-0.4.0.tgz 1228ms (cache miss)
1465 http fetch GET 200 https://registry.npmjs.org/body-parser/-/body-parser-1.20.6.tgz 1184ms (cache miss)
1466 http fetch GET 200 https://registry.npmjs.org/ms/-/ms-2.1.3.tgz 1158ms (cache miss)
1467 http fetch GET 200 https://registry.npmjs.org/ms/-/ms-2.1.3.tgz 1156ms (cache miss)
1468 http fetch GET 200 https://registry.npmjs.org/ms/-/ms-2.1.3.tgz 1155ms (cache miss)
1469 http fetch GET 200 https://registry.npmjs.org/ms/-/ms-2.1.3.tgz 1154ms (cache miss)
1470 http fetch GET 200 https://registry.npmjs.org/debug/-/debug-4.4.3.tgz 1158ms (cache miss)
1471 http fetch GET 200 https://registry.npmjs.org/debug/-/debug-4.4.3.tgz 1155ms (cache miss)
1472 http fetch GET 200 https://registry.npmjs.org/@hapi/boom/-/boom-10.0.1.tgz 1163ms (cache miss)
1473 http fetch GET 200 https://registry.npmjs.org/content-type/-/content-type-2.1.0.tgz 1154ms (cache miss)
1474 http fetch GET 200 https://registry.npmjs.org/has-tostringtag/-/has-tostringtag-1.0.2.tgz 1248ms (cache miss)
1475 http fetch GET 200 https://registry.npmjs.org/debug/-/debug-2.6.9.tgz 1202ms (cache miss)
1476 http fetch GET 200 https://registry.npmjs.org/tslib/-/tslib-2.8.1.tgz 1189ms (cache miss)
1477 http fetch GET 200 https://registry.npmjs.org/debug/-/debug-4.4.3.tgz 1167ms (cache miss)
1478 http fetch GET 200 https://registry.npmjs.org/mime-db/-/mime-db-1.52.0.tgz 1286ms (cache miss)
1479 http fetch GET 200 https://registry.npmjs.org/sonic-boom/-/sonic-boom-4.2.1.tgz 1311ms (cache miss)
1480 http fetch GET 200 https://registry.npmjs.org/pino-std-serializers/-/pino-std-serializers-7.1.0.tgz 1308ms (cache miss)
1481 http fetch GET 200 https://registry.npmjs.org/qified/-/qified-0.10.1.tgz 1214ms (cache miss)
1482 http fetch GET 200 https://registry.npmjs.org/cacheable/-/cacheable-2.5.0.tgz 1204ms (cache miss)
1483 http fetch GET 200 https://registry.npmjs.org/process-warning/-/process-warning-5.1.0.tgz 1315ms (cache miss)
1484 http fetch GET 200 https://registry.npmjs.org/object-inspect/-/object-inspect-1.13.4.tgz 1351ms (cache miss)
1485 http fetch GET 200 https://registry.npmjs.org/strtok3/-/strtok3-10.3.5.tgz 1328ms (cache miss)
1486 http fetch GET 200 https://registry.npmjs.org/math-intrinsics/-/math-intrinsics-1.1.0.tgz 1324ms (cache miss)
1487 http fetch GET 200 https://registry.npmjs.org/async-mutex/-/async-mutex-0.5.0.tgz 1244ms (cache miss)
1488 http fetch GET 200 https://registry.npmjs.org/@pinojs/redact/-/redact-0.4.0.tgz 1353ms (cache miss)
1489 http fetch GET 200 https://registry.npmjs.org/@hapi/hoek/-/hoek-9.3.0.tgz 1233ms (cache miss)
1490 http fetch GET 200 https://registry.npmjs.org/@cacheable/utils/-/utils-2.5.0.tgz 1266ms (cache miss)
1491 http fetch GET 200 https://registry.npmjs.org/file-type/-/file-type-21.3.4.tgz 1367ms (cache miss)
1492 http fetch GET 200 https://registry.npmjs.org/hookified/-/hookified-1.15.1.tgz 1274ms (cache miss)
1493 http fetch GET 200 https://registry.npmjs.org/express/-/express-4.22.2.tgz 1286ms (cache miss)
1494 http fetch GET 200 https://registry.npmjs.org/ws/-/ws-8.21.3.tgz 1309ms (cache miss)
1495 http fetch GET 200 https://registry.npmjs.org/qs/-/qs-6.15.3.tgz 1356ms (cache miss)
1496 http fetch GET 200 https://registry.npmjs.org/hookified/-/hookified-2.2.0.tgz 1305ms (cache miss)
1497 http fetch GET 200 https://registry.npmjs.org/iconv-lite/-/iconv-lite-0.4.24.tgz 1385ms (cache miss)
1498 http fetch GET 200 https://registry.npmjs.org/@emnapi/runtime/-/runtime-1.11.3.tgz 1463ms (cache miss)
1499 http fetch GET 200 https://registry.npmjs.org/hashery/-/hashery-1.5.1.tgz 1346ms (cache miss)
1500 http fetch GET 200 https://registry.npmjs.org/@hapi/hoek/-/hoek-11.0.7.tgz 1333ms (cache miss)
1501 http fetch GET 200 https://registry.npmjs.org/undici-types/-/undici-types-8.3.0.tgz 1469ms (cache miss)
1502 http fetch GET 200 https://registry.npmjs.org/@img/sharp-linux-x64/-/sharp-linux-x64-0.35.3.tgz 1487ms (cache miss)
1503 http fetch GET 200 https://registry.npmjs.org/thread-stream/-/thread-stream-3.2.0.tgz 1471ms (cache miss)
1504 http fetch GET 200 https://registry.npmjs.org/semver/-/semver-7.8.5.tgz 1500ms (cache miss)
1505 http fetch GET 200 https://registry.npmjs.org/qrcode/-/qrcode-1.5.4.tgz 1365ms (cache miss)
1506 http fetch GET 200 https://codeload.github.com/whiskeysockets/libsignal-node/tar.gz/bcea72df9ec34d9d9140ab30619cf479c7c144c7 1270ms (cache miss)
1507 http fetch GET 200 https://registry.npmjs.org/yargs/-/yargs-15.4.1.tgz 1530ms (cache miss)
1508 silly packumentCache heap:998768640 maxSize:249692160 maxEntrySize:124846080
1509 http fetch GET 200 https://registry.npmjs.org/sharp/-/sharp-0.35.3.tgz 1483ms (cache miss)
1510 http fetch GET 200 https://registry.npmjs.org/pngjs/-/pngjs-5.0.0.tgz 1646ms (cache miss)
1511 http fetch GET 200 https://registry.npmjs.org/axios/-/axios-1.19.0.tgz 1615ms (cache miss)
1512 http fetch GET 200 https://registry.npmjs.org/@types/node/-/node-26.2.0.tgz 1767ms (cache miss)
1513 http fetch GET 200 https://registry.npmjs.org/music-metadata/-/music-metadata-11.14.0.tgz 1665ms (cache miss)
1514 http fetch GET 200 https://registry.npmjs.org/pino/-/pino-9.14.0.tgz 1664ms (cache miss)
1515 http fetch GET 200 https://registry.npmjs.org/protobufjs/-/protobufjs-7.6.5.tgz 1674ms (cache miss)
1516 http fetch GET 200 https://registry.npmjs.org/@img/sharp-wasm32/-/sharp-wasm32-0.35.3.tgz 1940ms (cache miss)
1517 http fetch GET 200 https://registry.npmjs.org/@whiskeysockets/baileys/-/baileys-6.7.24.tgz 1963ms (cache miss)
1518 http fetch GET 200 https://registry.npmjs.org/@img/sharp-libvips-linux-x64/-/sharp-libvips-linux-x64-1.3.2.tgz 2112ms (cache miss)
1519 info run @whiskeysockets/baileys@6.7.24 preinstall node_modules/@whiskeysockets/baileys node ./engine-requirements.js
1520 info run @whiskeysockets/baileys@6.7.24 preinstall { code: 0, signal: null }
1521 info run protobufjs@7.6.5 postinstall node_modules/protobufjs node scripts/postinstall
1522 info run protobufjs@7.6.5 postinstall { code: 0, signal: null }
1523 silly ADD node_modules/camelcase
1524 silly ADD node_modules/color-name
1525 silly ADD node_modules/color-convert
1526 silly ADD node_modules/ansi-styles
1527 silly ADD node_modules/ansi-regex
1528 silly ADD node_modules/is-fullwidth-code-point
1529 silly ADD node_modules/emoji-regex
1530 silly ADD node_modules/p-try
1531 silly ADD node_modules/p-limit
1532 silly ADD node_modules/p-locate
1533 silly ADD node_modules/path-exists
1534 silly ADD node_modules/locate-path
1535 silly ADD node_modules/wrap-ansi
1536 silly ADD node_modules/strip-ansi
1537 silly ADD node_modules/yargs-parser
1538 silly ADD node_modules/y18n
1539 silly ADD node_modules/which-module
1540 silly ADD node_modules/string-width
1541 silly ADD node_modules/set-blocking
1542 silly ADD node_modules/require-main-filename
1543 silly ADD node_modules/require-directory
1544 silly ADD node_modules/get-caller-file
1545 silly ADD node_modules/find-up
1546 silly ADD node_modules/decamelize
1547 silly ADD node_modules/cliui
1548 silly ADD node_modules/ieee754
1549 silly ADD node_modules/call-bound
1550 silly ADD node_modules/side-channel-weakmap
1551 silly ADD node_modules/side-channel-map
1552 silly ADD node_modules/side-channel-list
1553 silly ADD node_modules/object-inspect
1554 silly ADD node_modules/@emnapi/runtime
1555 silly ADD node_modules/@img/sharp-wasm32
1556 silly ADD node_modules/semver
1557 silly ADD node_modules/detect-libc
1558 silly ADD
1559 silly ADD
1560 silly ADD
1561 silly ADD
1562 silly ADD
1563 silly ADD
1564 silly ADD node_modules/@img/sharp-linux-x64
1565 silly ADD
1566 silly ADD
1567 silly ADD
1568 silly ADD
1569 silly ADD
1570 silly ADD
1571 silly ADD
1572 silly ADD node_modules/@img/sharp-libvips-linux-x64
1573 silly ADD
1574 silly ADD
1575 silly ADD
1576 silly ADD
1577 silly ADD
1578 silly ADD
1579 silly ADD
1580 silly ADD
1581 silly ADD
1582 silly ADD
1583 silly ADD node_modules/@img/colour
1584 silly ADD node_modules/mime
1585 silly ADD node_modules/side-channel
1586 silly ADD node_modules/yargs
1587 silly ADD node_modules/pngjs
1588 silly ADD node_modules/dijkstrajs
1589 silly ADD node_modules/ipaddr.js
1590 silly ADD node_modules/forwarded
1591 silly ADD node_modules/undici-types
1592 silly ADD node_modules/long
1593 silly ADD node_modules/@types/node
1594 silly ADD node_modules/@protobufjs/utf8
1595 silly ADD node_modules/@protobufjs/pool
1596 silly ADD node_modules/@protobufjs/path
1597 silly ADD node_modules/@protobufjs/float
1598 silly ADD node_modules/@protobufjs/fetch
1599 silly ADD node_modules/@protobufjs/eventemitter
1600 silly ADD node_modules/@protobufjs/codegen
1601 silly ADD node_modules/@protobufjs/base64
1602 silly ADD node_modules/@protobufjs/aspromise
1603 silly ADD node_modules/split2
1604 silly ADD node_modules/thread-stream
1605 silly ADD node_modules/sonic-boom
1606 silly ADD node_modules/safe-stable-stringify
1607 silly ADD node_modules/real-require
1608 silly ADD node_modules/quick-format-unescaped
1609 silly ADD node_modules/process-warning
1610 silly ADD node_modules/pino-std-serializers
1611 silly ADD node_modules/pino-abstract-transport
1612 silly ADD node_modules/on-exit-leak-free
1613 silly ADD node_modules/atomic-sleep
1614 silly ADD node_modules/@pinojs/redact
1615 silly ADD node_modules/ee-first
1616 silly ADD node_modules/@tokenizer/inflate
1617 silly ADD node_modules/@tokenizer/inflate/node_modules/ms
1618 silly ADD node_modules/@tokenizer/inflate/node_modules/debug
1619 silly ADD node_modules/win-guid
1620 silly ADD node_modules/uint8array-extras
1621 silly ADD node_modules/token-types
1622 silly ADD node_modules/strtok3
1623 silly ADD node_modules/media-typer
1624 silly ADD node_modules/file-type
1625 silly ADD node_modules/@tokenizer/token
1626 silly ADD node_modules/@borewit/text-codec
1627 silly ADD node_modules/mime-db
1628 silly ADD node_modules/curve25519-js
1629 silly ADD node_modules/@keyv/serialize
1630 silly ADD node_modules/safer-buffer
1631 silly ADD node_modules/agent-base
1632 silly ADD node_modules/agent-base/node_modules/ms
1633 silly ADD node_modules/agent-base/node_modules/debug
1634 silly ADD node_modules/toidentifier
1635 silly ADD node_modules/inherits
1636 silly ADD node_modules/dunder-proto
1637 silly ADD node_modules/math-intrinsics
1638 silly ADD node_modules/has-symbols
1639 silly ADD node_modules/gopd
1640 silly ADD node_modules/get-proto
1641 silly ADD node_modules/function-bind
1642 silly ADD node_modules/es-object-atoms
1643 silly ADD node_modules/es-define-property
1644 silly ADD node_modules/call-bind-apply-helpers
1645 silly ADD node_modules/has-tostringtag
1646 silly ADD node_modules/get-intrinsic
1647 silly ADD node_modules/es-errors
1648 silly ADD node_modules/delayed-stream
1649 silly ADD node_modules/hasown
1650 silly ADD node_modules/es-set-tostringtag
1651 silly ADD node_modules/combined-stream
1652 silly ADD node_modules/asynckit
1653 silly ADD node_modules/ms
1654 silly ADD node_modules/unpipe
1655 silly ADD node_modules/raw-body
1656 silly ADD node_modules/iconv-lite
1657 silly ADD node_modules/destroy
1658 silly ADD node_modules/bytes
1659 silly ADD node_modules/negotiator
1660 silly ADD node_modules/mime-types
1661 silly ADD node_modules/vary
1662 silly ADD node_modules/utils-merge
1663 silly ADD node_modules/type-is
1664 silly ADD node_modules/type-is/node_modules/media-typer
1665 silly ADD node_modules/statuses
1666 silly ADD node_modules/setprototypeof
1667 silly ADD node_modules/serve-static
1668 silly ADD node_modules/send
1669 silly ADD node_modules/send/node_modules/ms
1670 silly ADD node_modules/safe-buffer
1671 silly ADD node_modules/range-parser
1672 silly ADD node_modules/qs
1673 silly ADD node_modules/proxy-addr
1674 silly ADD node_modules/path-to-regexp
1675 silly ADD node_modules/parseurl
1676 silly ADD node_modules/on-finished
1677 silly ADD node_modules/methods
1678 silly ADD node_modules/merge-descriptors
1679 silly ADD node_modules/http-errors
1680 silly ADD node_modules/fresh
1681 silly ADD node_modules/finalhandler
1682 silly ADD node_modules/etag
1683 silly ADD node_modules/escape-html
1684 silly ADD node_modules/encodeurl
1685 silly ADD node_modules/depd
1686 silly ADD node_modules/debug
1687 silly ADD node_modules/cookie-signature
1688 silly ADD node_modules/cookie
1689 silly ADD node_modules/content-type
1690 silly ADD node_modules/content-disposition
1691 silly ADD node_modules/body-parser
1692 silly ADD node_modules/array-flatten
1693 silly ADD node_modules/accepts
1694 silly ADD node_modules/hashery
1695 silly ADD node_modules/@keyv/bigmap
1696 silly ADD node_modules/qified
1697 silly ADD node_modules/qified/node_modules/hookified
1698 silly ADD node_modules/@cacheable/utils
1699 silly ADD node_modules/@cacheable/memory
1700 silly ADD node_modules/proxy-from-env
1701 silly ADD node_modules/https-proxy-agent
1702 silly ADD node_modules/https-proxy-agent/node_modules/ms
1703 silly ADD node_modules/https-proxy-agent/node_modules/debug
1704 silly ADD node_modules/form-data
1705 silly ADD node_modules/follow-redirects
1706 silly ADD node_modules/tslib
1707 silly ADD node_modules/keyv
1708 silly ADD node_modules/hookified
1709 silly ADD node_modules/cacheable
1710 silly ADD node_modules/ws
1711 silly ADD node_modules/protobufjs
1712 silly ADD node_modules/music-metadata
1713 silly ADD node_modules/music-metadata/node_modules/ms
1714 silly ADD node_modules/music-metadata/node_modules/debug
1715 silly ADD node_modules/music-metadata/node_modules/content-type
1716 silly ADD node_modules/libsignal
1717 silly ADD node_modules/axios
1718 silly ADD node_modules/async-mutex
1719 silly ADD node_modules/@cacheable/node-cache
1720 silly ADD node_modules/@hapi/hoek
1721 silly ADD node_modules/qrcode
1722 silly ADD node_modules/pino
1723 silly ADD node_modules/express
1724 silly ADD node_modules/sharp
1725 silly ADD node_modules/@whiskeysockets/baileys
1726 silly ADD node_modules/@whiskeysockets/baileys/node_modules/@hapi/hoek
1727 silly ADD node_modules/@whiskeysockets/baileys/node_modules/@hapi/boom
1728 silly ADD node_modules/@hapi/boom
1729 verbose cwd /home/user
1730 verbose os Linux 6.1.158+
1731 verbose node v20.20.2
1732 verbose npm  v10.8.2
1733 notice
1733 notice New major version of npm available! 10.8.2 -> 12.0.2
1733 notice Changelog: https://github.com/npm/cli/releases/tag/v12.0.2
1733 notice To update run: npm install -g npm@12.0.2
1733 notice  { force: true, [Symbol(proc-log.meta)]: true }
1734 verbose exit 0
1735 info ok
